
INSERT INTO public.building (building_id, building_name, purpose, floors) VALUES ('87f9d5fc-d993-4524-b74f-1b84d2ed7c23', 'Lion Habitat', 'Housing for lions', 2) ON CONFLICT DO NOTHING;
INSERT INTO public.building (building_id, building_name, purpose, floors) VALUES ('c66dbe91-3134-4ba7-a6f1-539f9c68c052', 'Reptile House', 'Exhibit for reptiles', 4) ON CONFLICT DO NOTHING;
INSERT INTO public.building (building_id, building_name, purpose, floors) VALUES ('794bb068-55c7-4aec-b9c4-1215b1e60c7d', 'Main Zoo Entrance', 'Visitor entrance and ticket booth', 1) ON CONFLICT DO NOTHING;
INSERT INTO public.building (building_id, building_name, purpose, floors) VALUES ('ad11ce49-32a0-40db-a1f8-61f9ff838fef', 'Maintenance Workshop', 'Equipment and facility maintenance', 2) ON CONFLICT DO NOTHING;
INSERT INTO public.building (building_id, building_name, purpose, floors) VALUES ('223697d6-7ce8-48bf-b047-d081b6cde3c0', 'Zoo Cafe', 'Cafe serving snacks and beverages', 2) ON CONFLICT DO NOTHING;
INSERT INTO public.building (building_id, building_name, purpose, floors) VALUES ('eebb5966-58c5-4926-b1b8-31c86ffc58d6', 'Public Restrooms', 'Public restroom facility', 1) ON CONFLICT DO NOTHING;
INSERT INTO public.building (building_id, building_name, purpose, floors) VALUES ('142d5cb9-76b5-41b5-8c7d-4f0db03a9303', 'Gift Shop Emporium', 'Gift shop with souvenirs and merchandise', 1) ON CONFLICT DO NOTHING;
INSERT INTO public.building (building_id, building_name, purpose, floors) VALUES ('99969572-11a5-4289-aa87-0409929a6c5d', 'Safari Adventure', 'Safari ride attraction', 0) ON CONFLICT DO NOTHING;
INSERT INTO public.building (building_id, building_name, purpose, floors) VALUES ('1ffe536d-8989-4307-a68a-ba43ac936ddc', 'Veterinary Clinic', 'Medical care for animals', 2) ON CONFLICT DO NOTHING;
INSERT INTO public.building (building_id, building_name, purpose, floors) VALUES ('dcdd3d71-6a0c-4576-b678-950e9a59f2d2', 'Landscaping Office', 'Landscaping and garden maintenance', 1) ON CONFLICT DO NOTHING;
INSERT INTO public.building (building_id, building_name, purpose, floors) VALUES ('38510ef4-481a-4dab-98ad-4d5b2eab8c31', 'Fast Food Junction', 'Fast food and ice cream stand', 1) ON CONFLICT DO NOTHING;
INSERT INTO public.building (building_id, building_name, purpose, floors) VALUES ('39715f67-758a-482c-840e-c807bbafec6c', 'Rest Area', 'Public restroom facility', 1) ON CONFLICT DO NOTHING;
INSERT INTO public.building (building_id, building_name, purpose, floors) VALUES ('ecb2e192-08d7-4a75-a5e2-52ef70c700a3', 'Toy Store', 'Toy store with zoo-themed toys', 1) ON CONFLICT DO NOTHING;
INSERT INTO public.building (building_id, building_name, purpose, floors) VALUES ('04c66a33-04d2-40c4-88f8-9834adc90a74', 'Aquarium Pavilion', 'Aquarium attraction', 3) ON CONFLICT DO NOTHING;
INSERT INTO public.building (building_id, building_name, purpose, floors) VALUES ('38303e1f-1440-4347-91e7-236545e04efd', 'Aviary', 'Housing for birds', 5) ON CONFLICT DO NOTHING;
INSERT INTO public.building (building_id, building_name, purpose, floors) VALUES ('fe7a9742-df81-4083-8659-c5a46816b5ff', 'Maintenance Office', 'Maintenance staff and equipment', 3) ON CONFLICT DO NOTHING;
INSERT INTO public.building (building_id, building_name, purpose, floors) VALUES ('47c6fe5d-1612-48ce-b10c-c4606815c962', 'Hot Dog Hut', 'Hot dogs and beverages stand', 1) ON CONFLICT DO NOTHING;
INSERT INTO public.building (building_id, building_name, purpose, floors) VALUES ('8f3450ac-7639-47ce-9cf8-f2c5c3c5eb0a', 'East Restrooms', 'Public restroom facility', 1) ON CONFLICT DO NOTHING;
INSERT INTO public.building (building_id, building_name, purpose, floors) VALUES ('9d9c35c6-12e3-4ea2-87c6-7a74e7404e69', 'Clothing Boutique', 'Clothing and accessories shop', 2) ON CONFLICT DO NOTHING;
INSERT INTO public.building (building_id, building_name, purpose, floors) VALUES ('776aeea8-5719-4a17-8cb4-d4c078d205ce', 'Visitor Information Center', 'Information and maps for visitors', 1) ON CONFLICT DO NOTHING;
INSERT INTO public.building (building_id, building_name, purpose, floors) VALUES ('4c996c99-3aab-44b5-aaf7-6908383dc119', 'fgdfg', 'fdgfgdf', 566) ON CONFLICT DO NOTHING;
INSERT INTO public.building (building_id, building_name, purpose, floors) VALUES ('95e04c80-e192-4036-98ee-9756c93c7482', 'ZOO', 'TurtleBackZoo', 0) ON CONFLICT DO NOTHING;

INSERT INTO public.concession (concession_id, concession_name) VALUES ('42d383d2-8291-4e36-8d18-5631b0c11a28', 'Popcorn Stand') ON CONFLICT DO NOTHING;
INSERT INTO public.concession (concession_id, concession_name) VALUES ('c573663a-939d-4179-a936-3aaf444ad247', 'Ice Cream Cart') ON CONFLICT DO NOTHING;
INSERT INTO public.concession (concession_id, concession_name) VALUES ('36b35f5a-7fd8-4c71-9a95-22e87073a027', 'Hot Dog Grill') ON CONFLICT DO NOTHING;
INSERT INTO public.concession (concession_id, concession_name) VALUES ('34d1040a-020b-4ec3-9ae9-c5dc8745b5a4', 'Candy Shop') ON CONFLICT DO NOTHING;
INSERT INTO public.concession (concession_id, concession_name) VALUES ('e23dfdbe-99b5-4dc0-9bf1-b34bb5ae0a08', 'Coffee Kiosk') ON CONFLICT DO NOTHING;
INSERT INTO public.concession (concession_id, concession_name) VALUES ('0848e4a2-d75c-4bb8-a060-33e9e735b82f', 'Burger Shack') ON CONFLICT DO NOTHING;
INSERT INTO public.concession (concession_id, concession_name) VALUES ('d0ee6503-145c-4d9d-bbce-40f7488ada02', 'Soft Drink Booth') ON CONFLICT DO NOTHING;
INSERT INTO public.concession (concession_id, concession_name) VALUES ('dc6f1cca-4303-4447-949d-fe33499c5dd0', 'Pretzel Stand') ON CONFLICT DO NOTHING;
INSERT INTO public.concession (concession_id, concession_name) VALUES ('2c44551e-3515-4cb9-9fbb-0f6dbc73f289', 'Nachos Corner') ON CONFLICT DO NOTHING;
INSERT INTO public.concession (concession_id, concession_name) VALUES ('f21fef85-2743-4431-a990-764ece6ce749', 'Fruit Juice Bar') ON CONFLICT DO NOTHING;

INSERT INTO public.attraction (attraction_id, attraction_name, seats, building_id) VALUES ('1d3e9038-1e8c-41e5-acbc-e42828f41596', 'Big Cat', 400, '87f9d5fc-d993-4524-b74f-1b84d2ed7c23') ON CONFLICT DO NOTHING;
INSERT INTO public.attraction (attraction_id, attraction_name, seats, building_id) VALUES ('5c63cf97-3353-49f1-8183-dd164106efd5', 'Monkey Show', 300, '87f9d5fc-d993-4524-b74f-1b84d2ed7c23') ON CONFLICT DO NOTHING;
INSERT INTO public.attraction (attraction_id, attraction_name, seats, building_id) VALUES ('64c1b823-c05b-4d7e-a1d3-c10a580c608d', 'Aquatic Show', 800, '04c66a33-04d2-40c4-88f8-9834adc90a74') ON CONFLICT DO NOTHING;
INSERT INTO public.attraction (attraction_id, attraction_name, seats, building_id) VALUES ('9d9af187-1a21-4978-8f66-03c48efec0fb', 'Bird Show', 500, '38303e1f-1440-4347-91e7-236545e04efd') ON CONFLICT DO NOTHING;
INSERT INTO public.attraction (attraction_id, attraction_name, seats, building_id) VALUES ('372cd62e-da90-40ac-bbe1-9ab0411955be', 'Reptile Show', 200, 'c66dbe91-3134-4ba7-a6f1-539f9c68c052') ON CONFLICT DO NOTHING;
INSERT INTO public.attraction (attraction_id, attraction_name, seats, building_id) VALUES ('2c72473c-5db0-417b-9c65-5fe52bb1f6ea', 'Zoo', 10000, '95e04c80-e192-4036-98ee-9756c93c7482') ON CONFLICT DO NOTHING;

INSERT INTO public.species (species_id, species_name, habitat, diet, monthly_food_cost, species_type) VALUES ('1e44ece3-68ab-47cd-a3fb-0c98b40d3c53', 'Eagle', 'Mountain', 'Carnivore', 300.00, 'Bird') ON CONFLICT DO NOTHING;
INSERT INTO public.species (species_id, species_name, habitat, diet, monthly_food_cost, species_type) VALUES ('c7525881-ebea-4c3c-84b7-a7b463f3b044', 'Sparrow', 'Urban', 'Omnivore', 50.00, 'Bird') ON CONFLICT DO NOTHING;
INSERT INTO public.species (species_id, species_name, habitat, diet, monthly_food_cost, species_type) VALUES ('7ac5acca-ad6c-4301-aa0c-f40eaa0e6f7b', 'Penguin', 'Arctic', 'Carnivore', 200.00, 'Bird') ON CONFLICT DO NOTHING;
INSERT INTO public.species (species_id, species_name, habitat, diet, monthly_food_cost, species_type) VALUES ('4c2daddd-afc0-4984-a13a-91903830b19a', 'Parrot', 'Tropical', 'Omnivore', 100.00, 'Bird') ON CONFLICT DO NOTHING;
INSERT INTO public.species (species_id, species_name, habitat, diet, monthly_food_cost, species_type) VALUES ('0c8bb3cd-b9a1-44d8-b5f5-e3f0aef3fcd0', 'Lion', 'Savannah', 'Carnivore', 500.00, 'Mammal') ON CONFLICT DO NOTHING;
INSERT INTO public.species (species_id, species_name, habitat, diet, monthly_food_cost, species_type) VALUES ('41d3a020-e970-439d-86fa-2af07f249961', 'Elephant', 'Jungle', 'Herbivore', 800.00, 'Mammal') ON CONFLICT DO NOTHING;
INSERT INTO public.species (species_id, species_name, habitat, diet, monthly_food_cost, species_type) VALUES ('4dace4c4-e764-438c-993d-5a6581282e47', 'Giraffe', 'Savannah', 'Herbivore', 400.00, 'Mammal') ON CONFLICT DO NOTHING;
INSERT INTO public.species (species_id, species_name, habitat, diet, monthly_food_cost, species_type) VALUES ('5c63ef8c-5d34-43d7-b4cb-aa5c9f1f174e', 'Dolphin', 'Ocean', 'Carnivore', 300.00, 'Mammal') ON CONFLICT DO NOTHING;
INSERT INTO public.species (species_id, species_name, habitat, diet, monthly_food_cost, species_type) VALUES ('f7f61ff4-abfc-4f33-887e-b7890309f083', 'Monkey', 'Tropical Forest', 'Omnivore', 150.00, 'Mammal') ON CONFLICT DO NOTHING;
INSERT INTO public.species (species_id, species_name, habitat, diet, monthly_food_cost, species_type) VALUES ('158fd663-9b17-4351-b4fe-d8751714db6a', 'Shark', 'Ocean', 'Carnivore', 600.00, 'Aquatic') ON CONFLICT DO NOTHING;
INSERT INTO public.species (species_id, species_name, habitat, diet, monthly_food_cost, species_type) VALUES ('c9413e4c-97b6-4bcf-838e-3ff1f8888989', 'Octopus', 'Ocean', 'Carnivore', 200.00, 'Aquatic') ON CONFLICT DO NOTHING;
INSERT INTO public.species (species_id, species_name, habitat, diet, monthly_food_cost, species_type) VALUES ('e70fbad1-a543-44cc-8275-3fafd1ff6283', 'Turtle', 'Ocean', 'Herbivore', 150.00, 'Aquatic') ON CONFLICT DO NOTHING;
INSERT INTO public.species (species_id, species_name, habitat, diet, monthly_food_cost, species_type) VALUES ('40b8ec9c-1a5f-45e8-9c59-4208f057876b', 'Duck', 'Pond', 'Omnivore', 50.00, 'Aquatic') ON CONFLICT DO NOTHING;
INSERT INTO public.species (species_id, species_name, habitat, diet, monthly_food_cost, species_type) VALUES ('1f5c826d-aeec-4c34-a79d-622854fd6d8e', 'Snake', 'Desert', 'Carnivore', 100.00, 'Reptile') ON CONFLICT DO NOTHING;
INSERT INTO public.species (species_id, species_name, habitat, diet, monthly_food_cost, species_type) VALUES ('81b2f5f6-ab96-4c0e-8646-87ac38e919a7', 'Lizard', 'Forest', 'Insectivore', 30.00, 'Reptile') ON CONFLICT DO NOTHING;
INSERT INTO public.species (species_id, species_name, habitat, diet, monthly_food_cost, species_type) VALUES ('095b976e-054f-436a-8696-53caf075aba0', 'Tortoise', 'Grassland', 'Herbivore', 80.00, 'Reptile') ON CONFLICT DO NOTHING;
INSERT INTO public.species (species_id, species_name, habitat, diet, monthly_food_cost, species_type) VALUES ('7444bd4e-a535-4595-857a-0064fdfa14fe', 'Crocodile', 'Swamp', 'Carnivore', 200.00, 'Reptile') ON CONFLICT DO NOTHING;

INSERT INTO public.attraction_requirement (attraction_id, species_id, quantity) VALUES ('9d9af187-1a21-4978-8f66-03c48efec0fb', '7ac5acca-ad6c-4301-aa0c-f40eaa0e6f7b', 4) ON CONFLICT DO NOTHING;
INSERT INTO public.attraction_requirement (attraction_id, species_id, quantity) VALUES ('5c63cf97-3353-49f1-8183-dd164106efd5', 'f7f61ff4-abfc-4f33-887e-b7890309f083', 14) ON CONFLICT DO NOTHING;
INSERT INTO public.attraction_requirement (attraction_id, species_id, quantity) VALUES ('372cd62e-da90-40ac-bbe1-9ab0411955be', '7444bd4e-a535-4595-857a-0064fdfa14fe', 18) ON CONFLICT DO NOTHING;
INSERT INTO public.attraction_requirement (attraction_id, species_id, quantity) VALUES ('64c1b823-c05b-4d7e-a1d3-c10a580c608d', '158fd663-9b17-4351-b4fe-d8751714db6a', 40) ON CONFLICT DO NOTHING;
INSERT INTO public.attraction_requirement (attraction_id, species_id, quantity) VALUES ('1d3e9038-1e8c-41e5-acbc-e42828f41596', '0c8bb3cd-b9a1-44d8-b5f5-e3f0aef3fcd0', 9) ON CONFLICT DO NOTHING;

INSERT INTO public.product (product_id, product_name, price) VALUES ('0f80a8e9-5f3e-4d89-a994-59832c109c8b', 'Buttered Popcorn', 3.50) ON CONFLICT DO NOTHING;
INSERT INTO public.product (product_id, product_name, price) VALUES ('d66b8a13-cb6d-4dba-854e-9a8428541515', 'Caramel Popcorn', 4.00) ON CONFLICT DO NOTHING;
INSERT INTO public.product (product_id, product_name, price) VALUES ('cea62231-1c4e-42b4-87c2-7287a633d242', 'Cheese Popcorn', 4.50) ON CONFLICT DO NOTHING;
INSERT INTO public.product (product_id, product_name, price) VALUES ('aede0449-96c6-4633-b0b1-235659d42f44', 'Sweet Popcorn', 3.75) ON CONFLICT DO NOTHING;
INSERT INTO public.product (product_id, product_name, price) VALUES ('0259b93e-8877-403b-bc3f-7935b9e79cb1', 'Spicy Popcorn', 4.25) ON CONFLICT DO NOTHING;
INSERT INTO public.product (product_id, product_name, price) VALUES ('8d58d67e-04f4-41a3-aff9-2374d8152e75', 'Vanilla Ice Cream Cone', 2.50) ON CONFLICT DO NOTHING;
INSERT INTO public.product (product_id, product_name, price) VALUES ('ed7ab2df-c74f-4323-8424-55b22fdb4402', 'Chocolate Ice Cream Cone', 2.50) ON CONFLICT DO NOTHING;
INSERT INTO public.product (product_id, product_name, price) VALUES ('cceecc2f-ef36-4174-8311-98b95e51da7d', 'Strawberry Ice Cream Scoop', 3.00) ON CONFLICT DO NOTHING;
INSERT INTO public.product (product_id, product_name, price) VALUES ('aaef3b05-0228-4cfc-bf7f-6e72bcfd8817', 'Mint Chocolate Chip Ice Cream', 3.25) ON CONFLICT DO NOTHING;
INSERT INTO public.product (product_id, product_name, price) VALUES ('50f1c861-3cfc-4f60-b175-b55909d6a315', 'Rocky Road Ice Cream Tub', 5.00) ON CONFLICT DO NOTHING;
INSERT INTO public.product (product_id, product_name, price) VALUES ('4f69b474-0785-4afb-8195-6b2e6f4c2677', 'Classic Grilled Hot Dog', 3.00) ON CONFLICT DO NOTHING;
INSERT INTO public.product (product_id, product_name, price) VALUES ('d034aa49-cd1c-4227-830b-e90ecace807b', 'Specialty Hot Dog', 4.50) ON CONFLICT DO NOTHING;
INSERT INTO public.product (product_id, product_name, price) VALUES ('6c4080d1-5146-4436-8bf5-b6c38f98960f', 'Vegan and Vegetarian Hot Dog', 4.00) ON CONFLICT DO NOTHING;
INSERT INTO public.product (product_id, product_name, price) VALUES ('d8314b66-8abb-415b-89fd-fe69487cbf84', 'Loaded Fries', 2.50) ON CONFLICT DO NOTHING;
INSERT INTO public.product (product_id, product_name, price) VALUES ('35a46953-fa9c-4f2f-88b0-79016213e0cb', 'Beverage', 1.50) ON CONFLICT DO NOTHING;
INSERT INTO public.product (product_id, product_name, price) VALUES ('d4f87e77-c25e-4d84-b5f0-72aab1502940', 'Classic Beef Burger', 5.00) ON CONFLICT DO NOTHING;
INSERT INTO public.product (product_id, product_name, price) VALUES ('95e643a6-dd18-4520-a22c-b7ceab581f58', 'Veggie Burger', 4.50) ON CONFLICT DO NOTHING;
INSERT INTO public.product (product_id, product_name, price) VALUES ('f81aa67c-a9cc-41d2-b20e-8902855af56d', 'Chicken Burger', 5.50) ON CONFLICT DO NOTHING;
INSERT INTO public.product (product_id, product_name, price) VALUES ('8651f376-6e1e-422f-9f63-64bca7a52a9c', 'Loaded Cheese Fries', 3.00) ON CONFLICT DO NOTHING;
INSERT INTO public.product (product_id, product_name, price) VALUES ('7a3ec3cc-ef77-4cad-bd9a-a4836e7b73c2', 'Milkshake', 3.50) ON CONFLICT DO NOTHING;
INSERT INTO public.product (product_id, product_name, price) VALUES ('cc2fe147-fc75-41dc-9935-a5ed32c9c92a', 'Classic Salted Pretzel', 2.50) ON CONFLICT DO NOTHING;
INSERT INTO public.product (product_id, product_name, price) VALUES ('8cabd299-0e69-479d-8ebb-5f37d72d9f70', 'Cinnamon Sugar Pretzel', 3.00) ON CONFLICT DO NOTHING;
INSERT INTO public.product (product_id, product_name, price) VALUES ('2a41279f-690b-4df3-ba57-020b4c5d8e65', 'Garlic Parmesan Pretzel', 3.00) ON CONFLICT DO NOTHING;
INSERT INTO public.product (product_id, product_name, price) VALUES ('1099084d-8854-425f-83a2-901143e402cc', 'Stuffed Cheese Pretzel', 3.50) ON CONFLICT DO NOTHING;
INSERT INTO public.product (product_id, product_name, price) VALUES ('f4ee09b2-31a1-4eaf-9cc4-dd2fe243a65a', 'Pretzel Bites with Dipping Sauce', 4.00) ON CONFLICT DO NOTHING;
INSERT INTO public.product (product_id, product_name, price) VALUES ('a836720a-407b-4871-81dd-3db806503707', 'Classic Nachos with Cheese', 4.50) ON CONFLICT DO NOTHING;
INSERT INTO public.product (product_id, product_name, price) VALUES ('fd8750bf-035f-437b-9cc3-7787308fafb8', 'Loaded Nachos with Beef', 6.00) ON CONFLICT DO NOTHING;
INSERT INTO public.product (product_id, product_name, price) VALUES ('c764bbae-86c7-4935-a63b-eb228c4d5f19', 'Veggie Nachos with Guacamole', 5.50) ON CONFLICT DO NOTHING;
INSERT INTO public.product (product_id, product_name, price) VALUES ('852f73bb-f47f-4563-b340-60bd5b781f99', 'Nachos Supreme with Sour Cream', 6.50) ON CONFLICT DO NOTHING;
INSERT INTO public.product (product_id, product_name, price) VALUES ('feda9325-6b33-451d-b7a2-002f93753cd2', 'Diet Soda', 1.50) ON CONFLICT DO NOTHING;
INSERT INTO public.product (product_id, product_name, price) VALUES ('a3b5883f-7447-4ee2-a317-8088695606aa', 'Berry Blast Juice', 3.75) ON CONFLICT DO NOTHING;
INSERT INTO public.product (product_id, product_name, price) VALUES ('7d408ba3-8f64-4fb3-b6e1-44347aa712c6', 'Espresso', 2.50) ON CONFLICT DO NOTHING;
INSERT INTO public.product (product_id, product_name, price) VALUES ('9e1ccc52-68a7-444a-8473-567f2ed43489', 'Jalapeño Poppers', 3.50) ON CONFLICT DO NOTHING;
INSERT INTO public.product (product_id, product_name, price) VALUES ('f6dccabe-ea1b-4457-b340-38d904a78d82', 'Fruit Punch', 2.00) ON CONFLICT DO NOTHING;
INSERT INTO public.product (product_id, product_name, price) VALUES ('a6ebc285-54aa-4e11-b6b9-99fbb7f91045', 'Tropical Fruit Smoothie', 4.00) ON CONFLICT DO NOTHING;
INSERT INTO public.product (product_id, product_name, price) VALUES ('87524cc3-88cb-4eb1-b6eb-a93d20a3e916', 'Iced Tea', 1.75) ON CONFLICT DO NOTHING;
INSERT INTO public.product (product_id, product_name, price) VALUES ('f5d78862-3019-409f-a3e0-a2c5716afa7e', 'Novelty Lollipops', 3.50) ON CONFLICT DO NOTHING;
INSERT INTO public.product (product_id, product_name, price) VALUES ('7e263677-d87d-4a8d-a047-058d4685fa6e', 'Coconut Water', 2.50) ON CONFLICT DO NOTHING;
INSERT INTO public.product (product_id, product_name, price) VALUES ('d9696c54-1ea3-4c15-a0f2-4b7ad5678216', 'Iced Coffee', 3.00) ON CONFLICT DO NOTHING;
INSERT INTO public.product (product_id, product_name, price) VALUES ('35a363b8-24bd-4954-b350-3e3ad91f9e5d', 'Freshly Squeezed Orange Juice', 3.50) ON CONFLICT DO NOTHING;
INSERT INTO public.product (product_id, product_name, price) VALUES ('b4f83a56-b985-4b33-aad4-6872b6a615e1', 'Coffee-Flavored Gelato', 4.00) ON CONFLICT DO NOTHING;
INSERT INTO public.product (product_id, product_name, price) VALUES ('252c53cd-212d-4cd8-8ee3-3383880225aa', 'Green Detox Juice', 4.50) ON CONFLICT DO NOTHING;
INSERT INTO public.product (product_id, product_name, price) VALUES ('3d5e5f3e-2107-4144-810d-fdf6159d0a67', 'Root Beer', 2.00) ON CONFLICT DO NOTHING;
INSERT INTO public.product (product_id, product_name, price) VALUES ('29586e24-a8d6-4597-b51d-87016190f226', 'Gourmet Popcorn', 4.00) ON CONFLICT DO NOTHING;
INSERT INTO public.product (product_id, product_name, price) VALUES ('4efbba8e-ecd5-4d7a-b348-03a8f5e294c5', 'Artisanal Chocolates', 7.50) ON CONFLICT DO NOTHING;
INSERT INTO public.product (product_id, product_name, price) VALUES ('d74bd715-eb6b-4050-80ff-eca5a69dace5', 'Assorted Candy Bags', 5.00) ON CONFLICT DO NOTHING;
INSERT INTO public.product (product_id, product_name, price) VALUES ('caebe1bf-fe3d-49d4-8dc8-482773de8489', 'Old-Fashioned Candy Jars', 6.00) ON CONFLICT DO NOTHING;
INSERT INTO public.product (product_id, product_name, price) VALUES ('1806764e-1ef9-45a8-84c8-cdc6c6c657bc', 'Cappuccino', 3.50) ON CONFLICT DO NOTHING;
INSERT INTO public.product (product_id, product_name, price) VALUES ('0fa65cc4-a361-4637-9a92-90c3c0f15ad1', 'Classic Cola', 1.50) ON CONFLICT DO NOTHING;
INSERT INTO public.product (product_id, product_name, price) VALUES ('40e96e09-5fe7-4908-91c0-aa9d64a3fc35', 'Freshly Baked Muffins', 2.00) ON CONFLICT DO NOTHING;

INSERT INTO public.show (show_id, attraction_id, tickets_sold, status, date, "Time", revenue) VALUES ('9853512b-d152-4ec5-b6d2-22f63739ba0d', '1d3e9038-1e8c-41e5-acbc-e42828f41596', 225, 'Close', '2023-11-06', '11:00:00', 6125.00) ON CONFLICT DO NOTHING;
INSERT INTO public.show (show_id, attraction_id, tickets_sold, status, date, "Time", revenue) VALUES ('2b2facaf-e12f-4004-8fdb-ee795b5e9c82', '5c63cf97-3353-49f1-8183-dd164106efd5', 165, 'Close', '2023-11-06', '18:00:00', 4015.00) ON CONFLICT DO NOTHING;
INSERT INTO public.show (show_id, attraction_id, tickets_sold, status, date, "Time", revenue) VALUES ('788a1e7c-b311-42e7-b785-814883ca67cb', '64c1b823-c05b-4d7e-a1d3-c10a580c608d', 300, 'Close', '2023-11-07', '13:00:00', 10000.00) ON CONFLICT DO NOTHING;
INSERT INTO public.show (show_id, attraction_id, tickets_sold, status, date, "Time", revenue) VALUES ('5bd3b8d9-bdd8-4d14-866a-b74b83969f5c', '372cd62e-da90-40ac-bbe1-9ab0411955be', 125, 'Close', '2023-11-07', '15:00:00', 2350.00) ON CONFLICT DO NOTHING;
INSERT INTO public.show (show_id, attraction_id, tickets_sold, status, date, "Time", revenue) VALUES ('338cc082-5d9e-47a4-b9ae-1fb97ca6476c', '9d9af187-1a21-4978-8f66-03c48efec0fb', 225, 'Close', '2023-11-06', '12:10:00', 5150.00) ON CONFLICT DO NOTHING;
INSERT INTO public.show (show_id, attraction_id, tickets_sold, status, date, "Time", revenue) VALUES ('5863d5e1-45f4-4054-a19c-c82841aa4040', '5c63cf97-3353-49f1-8183-dd164106efd5', 602, 'Open', '2023-12-16', '18:00:00', 13930.00) ON CONFLICT DO NOTHING;
INSERT INTO public.show (show_id, attraction_id, tickets_sold, status, date, "Time", revenue) VALUES ('c37b6a3d-ded1-4f9f-835a-ddf6bcd76f7f', '9d9af187-1a21-4978-8f66-03c48efec0fb', 680, 'Open', '2023-12-16', '13:00:00', 15020.00) ON CONFLICT DO NOTHING;
INSERT INTO public.show (show_id, attraction_id, tickets_sold, status, date, "Time", revenue) VALUES ('70a35cdc-4d01-480e-a8cd-1ec215fee9da', '372cd62e-da90-40ac-bbe1-9ab0411955be', 889, 'Open', '2023-12-17', '15:00:00', 16130.00) ON CONFLICT DO NOTHING;
INSERT INTO public.show (show_id, attraction_id, tickets_sold, status, date, "Time", revenue) VALUES ('b68c8b70-de2f-44c2-994c-3f07d7694fe7', '64c1b823-c05b-4d7e-a1d3-c10a580c608d', 761, 'Open', '2023-12-17', '13:00:00', 22550.00) ON CONFLICT DO NOTHING;
INSERT INTO public.show (show_id, attraction_id, tickets_sold, status, date, "Time", revenue) VALUES ('a75fa3ff-1896-4ff0-8f7e-80b10f45fd6e', '1d3e9038-1e8c-41e5-acbc-e42828f41596', 695, 'Open', '2023-12-06', '11:00:00', 17640.00) ON CONFLICT DO NOTHING;
INSERT INTO public.show (show_id, attraction_id, tickets_sold, status, date, "Time", revenue) VALUES ('fa651eeb-9ade-4355-9f17-f82e6fd1e993', '2c72473c-5db0-417b-9c65-5fe52bb1f6ea', 6500, 'Open', '2023-12-12', '23:59:00', 101850.00) ON CONFLICT DO NOTHING;

INSERT INTO public.ticket (ticket_id, attraction_id, price, ticket_type, description) VALUES ('d69c7a0b-ce91-404e-9555-cd6013a41bac', '5c63cf97-3353-49f1-8183-dd164106efd5', 30, 'Adult_Monkey', 'Watch monkeys perform tricks, engage in playful interactions, and play musical instruments.') ON CONFLICT DO NOTHING;
INSERT INTO public.ticket (ticket_id, attraction_id, price, ticket_type, description) VALUES ('83334eda-c589-4ef0-a625-8998f78493ff', '5c63cf97-3353-49f1-8183-dd164106efd5', 20, 'Senior_Monkey', 'Watch monkeys perform tricks, engage in playful interactions, and play musical instruments.') ON CONFLICT DO NOTHING;
INSERT INTO public.ticket (ticket_id, attraction_id, price, ticket_type, description) VALUES ('0d308d7d-e66f-45e8-9ffa-3e4e60760de5', '5c63cf97-3353-49f1-8183-dd164106efd5', 15, 'Child_Monkey', 'Watch monkeys perform tricks, engage in playful interactions, and play musical instruments.') ON CONFLICT DO NOTHING;
INSERT INTO public.ticket (ticket_id, attraction_id, price, ticket_type, description) VALUES ('96b37d99-eedf-4abe-8f36-7a4ecde16087', '9d9af187-1a21-4978-8f66-03c48efec0fb', 30, 'Adult_Bird', 'The Bird Show is a captivating spectacle that will leave you in awe of the diversity and beauty of the avian kingdom.') ON CONFLICT DO NOTHING;
INSERT INTO public.ticket (ticket_id, attraction_id, price, ticket_type, description) VALUES ('d75eabea-0c1c-44f5-a235-65347de4a5e9', '9d9af187-1a21-4978-8f66-03c48efec0fb', 20, 'Senior_Bird', 'The Bird Show is a captivating spectacle that will leave you in awe of the diversity and beauty of the avian kingdom.') ON CONFLICT DO NOTHING;
INSERT INTO public.ticket (ticket_id, attraction_id, price, ticket_type, description) VALUES ('2328566f-22df-4cbb-b1d2-afd44b7ff17f', '9d9af187-1a21-4978-8f66-03c48efec0fb', 15, 'Child_Bird', 'The Bird Show is a captivating spectacle that will leave you in awe of the diversity and beauty of the avian kingdom.') ON CONFLICT DO NOTHING;
INSERT INTO public.ticket (ticket_id, attraction_id, price, ticket_type, description) VALUES ('1546cd97-3b17-4d85-b284-57a718a37f3f', '372cd62e-da90-40ac-bbe1-9ab0411955be', 25, 'Adult_Reptile', 'The Reptile Show is an eye-opening adventure that will challenge your perceptions and foster an appreciation for the enigmatic world of reptiles.') ON CONFLICT DO NOTHING;
INSERT INTO public.ticket (ticket_id, attraction_id, price, ticket_type, description) VALUES ('7650438c-0bec-44ae-8bba-44186848c6f8', '372cd62e-da90-40ac-bbe1-9ab0411955be', 15, 'Senior_Reptile', 'The Reptile Show is an eye-opening adventure that will challenge your perceptions and foster an appreciation for the enigmatic world of reptiles.') ON CONFLICT DO NOTHING;
INSERT INTO public.ticket (ticket_id, attraction_id, price, ticket_type, description) VALUES ('23b63bc8-59db-49b2-a522-4e68ef5e3a9c', '372cd62e-da90-40ac-bbe1-9ab0411955be', 10, 'Child_Reptile', 'The Reptile Show is an eye-opening adventure that will challenge your perceptions and foster an appreciation for the enigmatic world of reptiles.') ON CONFLICT DO NOTHING;
INSERT INTO public.ticket (ticket_id, attraction_id, price, ticket_type, description) VALUES ('a3c1dc1a-194d-4133-bde7-ec4daa80b71c', '64c1b823-c05b-4d7e-a1d3-c10a580c608d', 40, 'Adult_Aquatic', 'The Aquatic Show is an enchanting underwater odyssey that will leave you breathless.') ON CONFLICT DO NOTHING;
INSERT INTO public.ticket (ticket_id, attraction_id, price, ticket_type, description) VALUES ('74f7fbab-368a-437d-9eb6-b2cb0577904a', '64c1b823-c05b-4d7e-a1d3-c10a580c608d', 30, 'Senior_Aquatic', 'The Aquatic Show is an enchanting underwater odyssey that will leave you breathless.') ON CONFLICT DO NOTHING;
INSERT INTO public.ticket (ticket_id, attraction_id, price, ticket_type, description) VALUES ('5d0f75ed-dd84-440a-9df7-86ef52970f71', '64c1b823-c05b-4d7e-a1d3-c10a580c608d', 20, 'Child_Aquatic', 'The Aquatic Show is an enchanting underwater odyssey that will leave you breathless.') ON CONFLICT DO NOTHING;
INSERT INTO public.ticket (ticket_id, attraction_id, price, ticket_type, description) VALUES ('6463e8c8-5c8a-458b-80f5-59ce99cd8ced', '1d3e9038-1e8c-41e5-acbc-e42828f41596', 35, 'Adult_Big_Cat', 'Embark on a thrilling adventure into the realm of the mighty big cats at the captivating Big Cat Encounter. ') ON CONFLICT DO NOTHING;
INSERT INTO public.ticket (ticket_id, attraction_id, price, ticket_type, description) VALUES ('db322bf7-387e-498a-bdd0-e1c0767268d9', '1d3e9038-1e8c-41e5-acbc-e42828f41596', 25, 'Senior_Big_Cat', 'Embark on a thrilling adventure into the realm of the mighty big cats at the captivating Big Cat Encounter. ') ON CONFLICT DO NOTHING;
INSERT INTO public.ticket (ticket_id, attraction_id, price, ticket_type, description) VALUES ('ce233904-09b8-4f79-8ecc-81e28d9ac593', '1d3e9038-1e8c-41e5-acbc-e42828f41596', 15, 'Child_Big_Cat', 'Embark on a thrilling adventure into the realm of the mighty big cats at the captivating Big Cat Encounter. ') ON CONFLICT DO NOTHING;
INSERT INTO public.ticket (ticket_id, attraction_id, price, ticket_type, description) VALUES ('e4225827-5f43-4969-a71e-f92a4721ac27', '2c72473c-5db0-417b-9c65-5fe52bb1f6ea', 20, 'Adult_Entry', 'General admission for adults') ON CONFLICT DO NOTHING;
INSERT INTO public.ticket (ticket_id, attraction_id, price, ticket_type, description) VALUES ('6e3f5c9d-dcac-415b-8ca6-bb51c532a6b4', '2c72473c-5db0-417b-9c65-5fe52bb1f6ea', 15, 'Senior_Entry', 'General admission for seniors') ON CONFLICT DO NOTHING;
INSERT INTO public.ticket (ticket_id, attraction_id, price, ticket_type, description) VALUES ('96647861-b233-49e1-8973-02b9961b6514', '2c72473c-5db0-417b-9c65-5fe52bb1f6ea', 10, 'Child_Entry', 'General admission for children') ON CONFLICT DO NOTHING;

INSERT INTO public.enclosure (enclosure_id, building_id, square_foot, enclosure_number) VALUES ('04fb7c61-58d7-45f7-a10e-283959e5ee0d', '87f9d5fc-d993-4524-b74f-1b84d2ed7c23', 300, 'LH001') ON CONFLICT DO NOTHING;
INSERT INTO public.enclosure (enclosure_id, building_id, square_foot, enclosure_number) VALUES ('1737d7e0-eed4-4457-8130-15b96e06716f', 'c66dbe91-3134-4ba7-a6f1-539f9c68c052', 1200, 'RH001') ON CONFLICT DO NOTHING;
INSERT INTO public.enclosure (enclosure_id, building_id, square_foot, enclosure_number) VALUES ('ca703220-c57f-43e6-9d97-f78e94bbed6d', '38303e1f-1440-4347-91e7-236545e04efd', 340, 'AV001') ON CONFLICT DO NOTHING;
INSERT INTO public.enclosure (enclosure_id, building_id, square_foot, enclosure_number) VALUES ('9ea99071-703f-49ba-9980-164f8681d3b5', '04c66a33-04d2-40c4-88f8-9834adc90a74', 900, 'AP001') ON CONFLICT DO NOTHING;
INSERT INTO public.enclosure (enclosure_id, building_id, square_foot, enclosure_number) VALUES ('94dfc859-dc3b-447b-909f-a0de45eaa3d7', '4c996c99-3aab-44b5-aaf7-6908383dc119', 53536, 'dsad') ON CONFLICT DO NOTHING;

INSERT INTO public.employee_type (employee_type_id, employee_type, rate) VALUES ('38492497-90e8-45bf-980e-16711106c791', 'Supervisor', 40.00) ON CONFLICT DO NOTHING;
INSERT INTO public.employee_type (employee_type_id, employee_type, rate) VALUES ('88f6ea93-ed8b-40c2-a727-6bd40044ef15', 'Veterinarians', 30.00) ON CONFLICT DO NOTHING;
INSERT INTO public.employee_type (employee_type_id, employee_type, rate) VALUES ('01104a75-e543-40c1-a6dc-175e2d2eb8aa', 'Animal Care', 25.00) ON CONFLICT DO NOTHING;
INSERT INTO public.employee_type (employee_type_id, employee_type, rate) VALUES ('084efa92-595e-4820-90d7-b330745770f1', 'Maintenance', 20.00) ON CONFLICT DO NOTHING;
INSERT INTO public.employee_type (employee_type_id, employee_type, rate) VALUES ('984b7fb8-dd36-4c96-939d-8bb57583b27c', 'Ticket Sellers', 15.00) ON CONFLICT DO NOTHING;
INSERT INTO public.employee_type (employee_type_id, employee_type, rate) VALUES ('fb91f4e8-9ce0-46e4-8f1c-30d06dfdd7ad', 'Customer Service', 18.00) ON CONFLICT DO NOTHING;
INSERT INTO public.employee_type (employee_type_id, employee_type, rate) VALUES ('9153dcb6-489a-4907-9c52-465e4ae958b7', 'Administrator', 22.50) ON CONFLICT DO NOTHING;

INSERT INTO public.employee (employee_id, first_name, middle_name, last_name, street, city, state, country, zipcode, start_date, email, phone, password, supervisor_id, employee_type_id, emp_number) VALUES ('262da5c9-4ee9-4cb2-9d6e-0025e98941e8', 'Jack', 'C', 'Sparrow', '123 Avenue G', 'Monroe', 'NJ', 'USA', '08831', '2023-12-02', 'jack.sparrow@turtlebackzoo.com', '9999999999', '\x243262243132243863546179656d4161702f574a6332703277434c442e34664d4c644c3475637579484d594d53592f666d4a744f4a38535449726d79', NULL, '38492497-90e8-45bf-980e-16711106c791', 1000) ON CONFLICT DO NOTHING;
INSERT INTO public.employee (employee_id, first_name, middle_name, last_name, street, city, state, country, zipcode, start_date, email, phone, password, supervisor_id, employee_type_id, emp_number) VALUES ('e6c5010f-f6f7-4a70-b566-a7dcbe8ac919', 'Amy', 'F', 'Clark', '321 Pine St', 'Villageton', 'CA', 'USA', '23456', '2023-12-02', 'amy.clark@turtlebackzoo.com', '7777777777', '\x2432622431322471666e39736c683275325454474d784f4d595230322e6e586d53734a4b53433141557a64784f505430536d57444944674a48784f6d', '262da5c9-4ee9-4cb2-9d6e-0025e98941e8', '38492497-90e8-45bf-980e-16711106c791', 1001) ON CONFLICT DO NOTHING;
INSERT INTO public.employee (employee_id, first_name, middle_name, last_name, street, city, state, country, zipcode, start_date, email, phone, password, supervisor_id, employee_type_id, emp_number) VALUES ('f57ee9b5-decc-4008-9a23-0e270f63923c', 'Robert', 'K', 'Taylor', '111 Oak St', 'Cityville', 'CA', 'USA', '54321', '2023-12-02', 'robert.taylor@turtlebackzoo.com', '6666666666', '\x2432622431322471666e39736c683275325454474d784f4d595230322e6e586d53734a4b53433141557a64784f505430536d57444944674a48784f6d', '262da5c9-4ee9-4cb2-9d6e-0025e98941e8', '38492497-90e8-45bf-980e-16711106c791', 1002) ON CONFLICT DO NOTHING;
INSERT INTO public.employee (employee_id, first_name, middle_name, last_name, street, city, state, country, zipcode, start_date, email, phone, password, supervisor_id, employee_type_id, emp_number) VALUES ('a70a9aaf-cf62-4cde-a031-28756741959a', 'Oliver', 'P', 'Smith', '123 Oak St', 'Townsville', 'NY', 'USA', '12345', '2023-12-02', 'oliver.smith@turtlebackzoo.com', '5555555555', '\x243262243132244f7141374f562e4c6c744d74457a336431412e647a4f2f663847676e75424f7331512e376f307a58497a7761424936744947443971', '262da5c9-4ee9-4cb2-9d6e-0025e98941e8', '01104a75-e543-40c1-a6dc-175e2d2eb8aa', 1003) ON CONFLICT DO NOTHING;
INSERT INTO public.employee (employee_id, first_name, middle_name, last_name, street, city, state, country, zipcode, start_date, email, phone, password, supervisor_id, employee_type_id, emp_number) VALUES ('edca5e43-e5a0-4018-820f-499b4eb8776e', 'Charlotte', 'U', 'Clark', '321 Oak St', 'Ruraltown', 'OH', 'USA', '54321', '2023-12-02', 'charlotte.clark@turtlebackzoo.com', '4444444444', '\x2432622431322471666e39736c683275325454474d784f4d595230322e6e586d53734a4b53433141557a64784f505430536d57444944674a48784f6d', '262da5c9-4ee9-4cb2-9d6e-0025e98941e8', '38492497-90e8-45bf-980e-16711106c791', 1004) ON CONFLICT DO NOTHING;
INSERT INTO public.employee (employee_id, first_name, middle_name, last_name, street, city, state, country, zipcode, start_date, email, phone, password, supervisor_id, employee_type_id, emp_number) VALUES ('27a0704c-ef02-4b46-990b-ca7d45d2d002', 'Daniel', 'G', 'Anderson', '543 Maple St', 'Townsville', 'NY', 'USA', '43210', '2023-12-02', 'daniel.anderson@turtlebackzoo.com', '9494949494', '\x2432622431322471666e39736c683275325454474d784f4d595230322e6e586d53734a4b53433141557a64784f505430536d57444944674a48784f6d', 'e6c5010f-f6f7-4a70-b566-a7dcbe8ac919', '01104a75-e543-40c1-a6dc-175e2d2eb8aa', 1005) ON CONFLICT DO NOTHING;
INSERT INTO public.employee (employee_id, first_name, middle_name, last_name, street, city, state, country, zipcode, start_date, email, phone, password, supervisor_id, employee_type_id, emp_number) VALUES ('cafb41fb-07cd-475b-8e28-90d7ff13ea7c', 'Olivia', 'H', 'Martinez', '765 Oak St', 'Cityville', 'TX', 'USA', '76543', '2023-12-02', 'olivia.martinez@turtlebackzoo.com', '9393939393', '\x2432622431322471666e39736c683275325454474d784f4d595230322e6e586d53734a4b53433141557a64784f505430536d57444944674a48784f6d', 'e6c5010f-f6f7-4a70-b566-a7dcbe8ac919', '01104a75-e543-40c1-a6dc-175e2d2eb8aa', 1006) ON CONFLICT DO NOTHING;
INSERT INTO public.employee (employee_id, first_name, middle_name, last_name, street, city, state, country, zipcode, start_date, email, phone, password, supervisor_id, employee_type_id, emp_number) VALUES ('b7d62692-2ced-459d-aa4d-3c75783055bf', 'William', 'I', 'Harris', '987 Elm St', 'Ruraltown', 'OH', 'USA', '12345', '2023-12-02', 'william.harris@turtlebackzoo.com', '9292929292', '\x2432622431322471666e39736c683275325454474d784f4d595230322e6e586d53734a4b53433141557a64784f505430536d57444944674a48784f6d', 'e6c5010f-f6f7-4a70-b566-a7dcbe8ac919', '01104a75-e543-40c1-a6dc-175e2d2eb8aa', 1007) ON CONFLICT DO NOTHING;
INSERT INTO public.employee (employee_id, first_name, middle_name, last_name, street, city, state, country, zipcode, start_date, email, phone, password, supervisor_id, employee_type_id, emp_number) VALUES ('a47afbb1-74a6-43de-8046-c34d9abae614', 'Sophia', 'J', 'Davis', '654 Birch St', 'Hamletsville', 'FL', 'USA', '87654', '2023-12-02', 'sophia.davis@turtlebackzoo.com', '9191919191', '\x2432622431322471666e39736c683275325454474d784f4d595230322e6e586d53734a4b53433141557a64784f505430536d57444944674a48784f6d', 'e6c5010f-f6f7-4a70-b566-a7dcbe8ac919', '01104a75-e543-40c1-a6dc-175e2d2eb8aa', 1008) ON CONFLICT DO NOTHING;
INSERT INTO public.employee (employee_id, first_name, middle_name, last_name, street, city, state, country, zipcode, start_date, email, phone, password, supervisor_id, employee_type_id, emp_number) VALUES ('d7f36df7-1b2f-4ba0-b98d-7709c7462689', 'Ava', 'L', 'Moore', '222 Pine St', 'Townsville', 'NY', 'USA', '23456', '2023-12-02', 'ava.moore@turtlebackzoo.com', '9090909090', '\x2432622431322471666e39736c683275325454474d784f4d595230322e6e586d53734a4b53433141557a64784f505430536d57444944674a48784f6d', 'f57ee9b5-decc-4008-9a23-0e270f63923c', '084efa92-595e-4820-90d7-b330745770f1', 1009) ON CONFLICT DO NOTHING;
INSERT INTO public.employee (employee_id, first_name, middle_name, last_name, street, city, state, country, zipcode, start_date, email, phone, password, supervisor_id, employee_type_id, emp_number) VALUES ('23846dc1-c20d-4c3e-b005-899cd951d651', 'Liam', 'M', 'Johnson', '333 Maple St', 'Villageton', 'TX', 'USA', '12345', '2023-12-02', 'liam.johnson@turtlebackzoo.com', '8989898989', '\x2432622431322471666e39736c683275325454474d784f4d595230322e6e586d53734a4b53433141557a64784f505430536d57444944674a48784f6d', 'f57ee9b5-decc-4008-9a23-0e270f63923c', '084efa92-595e-4820-90d7-b330745770f1', 1010) ON CONFLICT DO NOTHING;
INSERT INTO public.employee (employee_id, first_name, middle_name, last_name, street, city, state, country, zipcode, start_date, email, phone, password, supervisor_id, employee_type_id, emp_number) VALUES ('5dba9721-9e03-443c-81fa-8f699e0712af', 'Ella', 'N', 'Brown', '444 Elm St', 'Ruraltown', 'OH', 'USA', '87654', '2023-12-02', 'ella.brown@turtlebackzoo.com', '8787878787', '\x2432622431322471666e39736c683275325454474d784f4d595230322e6e586d53734a4b53433141557a64784f505430536d57444944674a48784f6d', 'f57ee9b5-decc-4008-9a23-0e270f63923c', '084efa92-595e-4820-90d7-b330745770f1', 1011) ON CONFLICT DO NOTHING;
INSERT INTO public.employee (employee_id, first_name, middle_name, last_name, street, city, state, country, zipcode, start_date, email, phone, password, supervisor_id, employee_type_id, emp_number) VALUES ('75e1057f-8b52-4cb5-b2da-34685ec1c596', 'James', 'O', 'Williams', '555 Birch St', 'Hamletsville', 'FL', 'USA', '43210', '2023-12-02', 'james.williams@turtlebackzoo.com', '8686868686', '\x2432622431322471666e39736c683275325454474d784f4d595230322e6e586d53734a4b53433141557a64784f505430536d57444944674a48784f6d', 'f57ee9b5-decc-4008-9a23-0e270f63923c', '084efa92-595e-4820-90d7-b330745770f1', 1012) ON CONFLICT DO NOTHING;
INSERT INTO public.employee (employee_id, first_name, middle_name, last_name, street, city, state, country, zipcode, start_date, email, phone, password, supervisor_id, employee_type_id, emp_number) VALUES ('2213f87c-b146-4a8d-809f-0d652b36327b', 'Mia', 'Q', 'Johnson', '456 Pine St', 'Cityville', 'CA', 'USA', '98765', '2023-12-02', 'mia.johnson@turtlebackzoo.com', '8585858585', '\x2432622431322471666e39736c683275325454474d784f4d595230322e6e586d53734a4b53433141557a64784f505430536d57444944674a48784f6d', 'a70a9aaf-cf62-4cde-a031-28756741959a', '984b7fb8-dd36-4c96-939d-8bb57583b27c', 1013) ON CONFLICT DO NOTHING;
INSERT INTO public.employee (employee_id, first_name, middle_name, last_name, street, city, state, country, zipcode, start_date, email, phone, password, supervisor_id, employee_type_id, emp_number) VALUES ('e2ebee45-e567-447c-a37f-e95f02cdb7ab', 'Benjamin', 'R', 'Martinez', '789 Elm St', 'Villageton', 'TX', 'USA', '54321', '2023-12-02', 'benjamin.martinez@turtlebackzoo.com', '8484848484', '\x2432622431322471666e39736c683275325454474d784f4d595230322e6e586d53734a4b53433141557a64784f505430536d57444944674a48784f6d', 'a70a9aaf-cf62-4cde-a031-28756741959a', '984b7fb8-dd36-4c96-939d-8bb57583b27c', 1014) ON CONFLICT DO NOTHING;
INSERT INTO public.employee (employee_id, first_name, middle_name, last_name, street, city, state, country, zipcode, start_date, email, phone, password, supervisor_id, employee_type_id, emp_number) VALUES ('f7dea5f9-7fb9-4d60-a100-ea267c1341f3', 'Amelia', 'S', 'Davis', '101 Birch St', 'Hamletsville', 'FL', 'USA', '87654', '2023-12-02', 'amelia.davis@turtlebackzoo.com', '8383838383', '\x2432622431322471666e39736c683275325454474d784f4d595230322e6e586d53734a4b53433141557a64784f505430536d57444944674a48784f6d', 'a70a9aaf-cf62-4cde-a031-28756741959a', '984b7fb8-dd36-4c96-939d-8bb57583b27c', 1015) ON CONFLICT DO NOTHING;
INSERT INTO public.employee (employee_id, first_name, middle_name, last_name, street, city, state, country, zipcode, start_date, email, phone, password, supervisor_id, employee_type_id, emp_number) VALUES ('c630b08b-920a-4a44-be78-a591ade860c2', 'Elijah', 'T', 'Harris', '222 Elm St', 'Ruraltown', 'OH', 'USA', '23456', '2023-12-02', 'elijah.harris@turtlebackzoo.com', '8282828282', '\x2432622431322471666e39736c683275325454474d784f4d595230322e6e586d53734a4b53433141557a64784f505430536d57444944674a48784f6d', 'a70a9aaf-cf62-4cde-a031-28756741959a', '984b7fb8-dd36-4c96-939d-8bb57583b27c', 1016) ON CONFLICT DO NOTHING;
INSERT INTO public.employee (employee_id, first_name, middle_name, last_name, street, city, state, country, zipcode, start_date, email, phone, password, supervisor_id, employee_type_id, emp_number) VALUES ('983f6134-3963-4f87-9b92-e001c0ab7e7c', 'Sebastian', 'V', 'Anderson', '543 Elm St', 'Townsville', 'NY', 'USA', '23456', '2023-12-02', 'sebastian.anderson@turtlebackzoo.com', '8181818181', '\x2432622431322471666e39736c683275325454474d784f4d595230322e6e586d53734a4b53433141557a64784f505430536d57444944674a48784f6d', 'edca5e43-e5a0-4018-820f-499b4eb8776e', 'fb91f4e8-9ce0-46e4-8f1c-30d06dfdd7ad', 1017) ON CONFLICT DO NOTHING;
INSERT INTO public.employee (employee_id, first_name, middle_name, last_name, street, city, state, country, zipcode, start_date, email, phone, password, supervisor_id, employee_type_id, emp_number) VALUES ('f0eb8a44-3565-4bc5-9ac8-40ed1def9d66', 'Grace', 'W', 'Martinez', '765 Pine St', 'Cityville', 'CA', 'USA', '87654', '2023-12-02', 'grace.martinez@turtlebackzoo.com', '8080808080', '\x2432622431322471666e39736c683275325454474d784f4d595230322e6e586d53734a4b53433141557a64784f505430536d57444944674a48784f6d', 'edca5e43-e5a0-4018-820f-499b4eb8776e', 'fb91f4e8-9ce0-46e4-8f1c-30d06dfdd7ad', 1018) ON CONFLICT DO NOTHING;
INSERT INTO public.employee (employee_id, first_name, middle_name, last_name, street, city, state, country, zipcode, start_date, email, phone, password, supervisor_id, employee_type_id, emp_number) VALUES ('b98cd378-e7b8-44b3-8273-4f5dfb666b2c', 'Carter', 'X', 'Harris', '987 Elm St', 'Hamletsville', 'FL', 'USA', '12345', '2023-12-02', 'carter.harris@turtlebackzoo.com', '7979797979', '\x2432622431322471666e39736c683275325454474d784f4d595230322e6e586d53734a4b53433141557a64784f505430536d57444944674a48784f6d', 'edca5e43-e5a0-4018-820f-499b4eb8776e', 'fb91f4e8-9ce0-46e4-8f1c-30d06dfdd7ad', 1019) ON CONFLICT DO NOTHING;
INSERT INTO public.employee (employee_id, first_name, middle_name, last_name, street, city, state, country, zipcode, start_date, email, phone, password, supervisor_id, employee_type_id, emp_number) VALUES ('3cff2566-433a-4d84-a1a7-8719de1d454f', 'Abigail', 'Y', 'Lee', '654 Birch St', 'Villageton', 'TX', 'USA', '98765', '2023-12-02', 'abigail.lee@turtlebackzoo.com', '7878787878', '\x2432622431322471666e39736c683275325454474d784f4d595230322e6e586d53734a4b53433141557a64784f505430536d57444944674a48784f6d', 'edca5e43-e5a0-4018-820f-499b4eb8776e', 'fb91f4e8-9ce0-46e4-8f1c-30d06dfdd7ad', 1020) ON CONFLICT DO NOTHING;
INSERT INTO public.employee (employee_id, first_name, middle_name, last_name, street, city, state, country, zipcode, start_date, email, phone, password, supervisor_id, employee_type_id, emp_number) VALUES ('03a465f4-5573-46fc-a946-06afacac107b', 'John', 'A', 'Smith', '123 Elm St', 'Cityville', 'CA', 'USA', '12345', '2023-12-02', 'john.smith@turtlebackzoo.com', '8888888888', '\x2432622431322471666e39736c683275325454474d784f4d595230322e6e586d53734a4b53433141557a64784f505430536d57444944674a48784f6d', '262da5c9-4ee9-4cb2-9d6e-0025e98941e8', '38492497-90e8-45bf-980e-16711106c791', 1021) ON CONFLICT DO NOTHING;
INSERT INTO public.employee (employee_id, first_name, middle_name, last_name, street, city, state, country, zipcode, start_date, email, phone, password, supervisor_id, employee_type_id, emp_number) VALUES ('ca2c54bc-7315-4218-8e08-fcd12f3ff837', 'Sarah', 'B', 'Johnson', '456 Oak St', 'Townsville', 'NY', 'USA', '56789', '2023-12-02', 'sarah.johnson@turtlebackzoo.com', '9898989898', '\x2432622431322471666e39736c683275325454474d784f4d595230322e6e586d53734a4b53433141557a64784f505430536d57444944674a48784f6d', '03a465f4-5573-46fc-a946-06afacac107b', '88f6ea93-ed8b-40c2-a727-6bd40044ef15', 1022) ON CONFLICT DO NOTHING;
INSERT INTO public.employee (employee_id, first_name, middle_name, last_name, street, city, state, country, zipcode, start_date, email, phone, password, supervisor_id, employee_type_id, emp_number) VALUES ('ec6b6de3-f498-4cb1-9d94-21f86a6b54f6', 'Michael', 'C', 'Brown', '789 Maple St', 'Villageton', 'TX', 'USA', '98765', '2023-12-02', 'michael.brown@turtlebackzoo.com', '9797979797', '\x2432622431322471666e39736c683275325454474d784f4d595230322e6e586d53734a4b53433141557a64784f505430536d57444944674a48784f6d', '03a465f4-5573-46fc-a946-06afacac107b', '88f6ea93-ed8b-40c2-a727-6bd40044ef15', 1023) ON CONFLICT DO NOTHING;
INSERT INTO public.employee (employee_id, first_name, middle_name, last_name, street, city, state, country, zipcode, start_date, email, phone, password, supervisor_id, employee_type_id, emp_number) VALUES ('99354fc5-2173-46d5-a76d-9c2986c35d73', 'Emily', 'D', 'Wilson', '101 Pine St', 'Hamletsville', 'FL', 'USA', '54321', '2023-12-02', 'emily.wilson@turtlebackzoo.com', '9696969696', '\x2432622431322471666e39736c683275325454474d784f4d595230322e6e586d53734a4b53433141557a64784f505430536d57444944674a48784f6d', '03a465f4-5573-46fc-a946-06afacac107b', '88f6ea93-ed8b-40c2-a727-6bd40044ef15', 1024) ON CONFLICT DO NOTHING;
INSERT INTO public.employee (employee_id, first_name, middle_name, last_name, street, city, state, country, zipcode, start_date, email, phone, password, supervisor_id, employee_type_id, emp_number) VALUES ('0610027f-1396-4cb2-bb8e-5d4cf18e7d7e', 'David', 'E', 'Lee', '222 Birch St', 'Ruraltown', 'OH', 'USA', '67890', '2023-12-02', 'david.lee@turtlebackzoo.com', '9595959595', '\x2432622431322471666e39736c683275325454474d784f4d595230322e6e586d53734a4b53433141557a64784f505430536d57444944674a48784f6d', '03a465f4-5573-46fc-a946-06afacac107b', '88f6ea93-ed8b-40c2-a727-6bd40044ef15', 1025) ON CONFLICT DO NOTHING;
INSERT INTO public.employee (employee_id, first_name, middle_name, last_name, street, city, state, country, zipcode, start_date, email, phone, password, supervisor_id, employee_type_id, emp_number) VALUES ('3c552b3d-bb6c-4f88-9564-d32e7d92ecb3', 'monil', 'j', 'shah', '333 xyz street', 'Newark', 'New Jersey', 'USA', '47064', '2023-12-12', 'mjs333@turtlebackzoo.com', '1234567890', '\x24326224313224466a782e6a532f5744315439534839302e696c536d4f513274674d6e3767434434684943686857667776794b575a355a2f49674361', '03a465f4-5573-46fc-a946-06afacac107b', '01104a75-e543-40c1-a6dc-175e2d2eb8aa', 1077) ON CONFLICT DO NOTHING;
INSERT INTO public.employee (employee_id, first_name, middle_name, last_name, street, city, state, country, zipcode, start_date, email, phone, password, supervisor_id, employee_type_id, emp_number) VALUES ('a4c5bb39-8d45-49b1-9c45-901ade229684', 'raj', 'r', 'bhuva', 'girnar', 'surat', 'gujarat', 'india', '39500', '2023-12-04', 'abc@abc.com', '9898651202', 'sadfdsa', 'edca5e43-e5a0-4018-820f-499b4eb8776e', '984b7fb8-dd36-4c96-939d-8bb57583b27c', 1060) ON CONFLICT DO NOTHING;
INSERT INTO public.employee (employee_id, first_name, middle_name, last_name, street, city, state, country, zipcode, start_date, email, phone, password, supervisor_id, employee_type_id, emp_number) VALUES ('9d4287f4-8911-4189-9201-69aaec17ae34', 'asdvet', 's', 'yet', '21,abi, usa', 'jersey', 'new jersey', 'usa', '12345', '2011-07-21', 'asdfs@turtlebackzoo.com', '2346298349', '\x24326224313224304e5a4779565959656b34517734376b3878713051657671525a3365635a2f5257574663724930594f396e714f47334d6249374971', '262da5c9-4ee9-4cb2-9d6e-0025e98941e8', '88f6ea93-ed8b-40c2-a727-6bd40044ef15', 1062) ON CONFLICT DO NOTHING;
INSERT INTO public.employee (employee_id, first_name, middle_name, last_name, street, city, state, country, zipcode, start_date, email, phone, password, supervisor_id, employee_type_id, emp_number) VALUES ('d2a65be9-d8be-4fc4-b12d-0cc984d7e874', 'aedvet', 's', 'yet', '221,abi, usa', 'jersey', 'new jersey', 'usa', '12345', '2023-12-08', 'asdees@turtlebackzoo.com', '2346298323', '\x243262243132244e387a634138423151644f74694e7465437874615a2e315559316b6758325738395871695a383649794a7a455a777a316366384832', 'edca5e43-e5a0-4018-820f-499b4eb8776e', '88f6ea93-ed8b-40c2-a727-6bd40044ef15', 1064) ON CONFLICT DO NOTHING;
INSERT INTO public.employee (employee_id, first_name, middle_name, last_name, street, city, state, country, zipcode, start_date, email, phone, password, supervisor_id, employee_type_id, emp_number) VALUES ('0694403b-14d0-483f-ad11-73f11b42ea90', 'sdfvet', 'd', 'yet', '21,assi, usa', 'jersey', 'new jersey', 'usa', '12345', '2009-11-01', 'aass@turtlebackzoo.com', '2346298349', '\x2432622431322449426f456f52767538537a495730373553614772316543683739685a7650466b5876315272596b4851556371354e38506270306869', 'a70a9aaf-cf62-4cde-a031-28756741959a', '88f6ea93-ed8b-40c2-a727-6bd40044ef15', 1063) ON CONFLICT DO NOTHING;
INSERT INTO public.employee (employee_id, first_name, middle_name, last_name, street, city, state, country, zipcode, start_date, email, phone, password, supervisor_id, employee_type_id, emp_number) VALUES ('5b1a95cb-2681-4b30-b755-3faef3d75d62', 'aupvet', 'd', 'yet', '21,aseei, usa', 'jersey', 'new jersey', 'usa', '12345', '2023-11-30', 'erss@turtlebackzoo.com', '2346298300', '\x24326224313224526e717a6b6a624d317876716142523559517063764f36726577564a46446171757133493665775a51635a6d4a724d694d6533532e', 'e6c5010f-f6f7-4a70-b566-a7dcbe8ac919', '88f6ea93-ed8b-40c2-a727-6bd40044ef15', 1065) ON CONFLICT DO NOTHING;
INSERT INTO public.employee (employee_id, first_name, middle_name, last_name, street, city, state, country, zipcode, start_date, email, phone, password, supervisor_id, employee_type_id, emp_number) VALUES ('dfc922db-ddbe-47e2-83a3-c43fd9fead75', 'auttvet', 'd', 'yet', '299,assi, usa', 'jersey', 'new jersey', 'usa', '12345', '2023-12-07', 'aeees@turtlebackzoo.com', '2346298555', '\x243262243132244b534a666a66364e483379685461664245776e4e5a2e33396d332f347774746677643532475a663379335646696b575a746c776153', 'e6c5010f-f6f7-4a70-b566-a7dcbe8ac919', '88f6ea93-ed8b-40c2-a727-6bd40044ef15', 1066) ON CONFLICT DO NOTHING;
INSERT INTO public.employee (employee_id, first_name, middle_name, last_name, street, city, state, country, zipcode, start_date, email, phone, password, supervisor_id, employee_type_id, emp_number) VALUES ('bf5ee73d-5449-4274-9fdf-9c1e314e0277', 'apittvet', 'd', 'yet', '299,aaasi, usa', 'jersey', 'new jersey', 'usa', '12345', '2023-12-01', 'arress@turtlebackzoo.com', '2346298559', '\x24326224313224772f583335596242463951764a477853327672573075665a594656756268637261356556696f695a35716d4954724f745465636471', '03a465f4-5573-46fc-a946-06afacac107b', '88f6ea93-ed8b-40c2-a727-6bd40044ef15', 1067) ON CONFLICT DO NOTHING;
INSERT INTO public.employee (employee_id, first_name, middle_name, last_name, street, city, state, country, zipcode, start_date, email, phone, password, supervisor_id, employee_type_id, emp_number) VALUES ('8caa65c3-1428-4dff-858c-b3e609c5feed', 'asddvet', 'd', 'yet', '1,abi, usa', 'jersey', 'new jersey', 'usa', '12345', '2023-11-27', 'uuss@turtlebackzoo.com', '2346298554', '\x2432622431322445617871534c523046424a4a687575436e6444673465774f2f416e39706b535a333871726d516a6d4430484742626d59682f6e382e', 'a70a9aaf-cf62-4cde-a031-28756741959a', '88f6ea93-ed8b-40c2-a727-6bd40044ef15', 1068) ON CONFLICT DO NOTHING;
INSERT INTO public.employee (employee_id, first_name, middle_name, last_name, street, city, state, country, zipcode, start_date, email, phone, password, supervisor_id, employee_type_id, emp_number) VALUES ('e36be45f-a8e5-49bd-ae53-1efe5adc7c5a', 'tdvet', 's', 'yet', '1,abi, usa', 'jersey', 'new jersey', 'usa', '12345', '2023-07-19', 'uiis@turtlebackzoo.com', '2346298550', '\x24326224313224797170686330664f6c77753138655176792f6b616e4f59724c637a5a62335664444a4837684769466a3875744163574352514e4c69', 'a70a9aaf-cf62-4cde-a031-28756741959a', '88f6ea93-ed8b-40c2-a727-6bd40044ef15', 1069) ON CONFLICT DO NOTHING;
INSERT INTO public.employee (employee_id, first_name, middle_name, last_name, street, city, state, country, zipcode, start_date, email, phone, password, supervisor_id, employee_type_id, emp_number) VALUES ('0fa85924-7c24-4b61-a236-7cbd934122d7', 'atyddvet', 's', 'yet', '215,assi, usa', 'jersey', 'new jersey', 'usa', '12345', '2023-06-15', 'dfs@turtlebackzoo.com', '2346298009', '\x24326224313224482e4f466671433136513869314d49617277495863754934336d585348627475784f416a6d5077314f6f78625a49366f462f325232', 'edca5e43-e5a0-4018-820f-499b4eb8776e', '88f6ea93-ed8b-40c2-a727-6bd40044ef15', 1070) ON CONFLICT DO NOTHING;
INSERT INTO public.employee (employee_id, first_name, middle_name, last_name, street, city, state, country, zipcode, start_date, email, phone, password, supervisor_id, employee_type_id, emp_number) VALUES ('0fb74ff2-6213-418e-968c-0f4c5f7123c5', 'asppvet', 'u', 'yet', '66,abi, usa', 'jersey', 'new jersey', 'usa', '12345', '2023-11-26', 'afs@turtlebackzoo.com', '2346298358', '\x2432622431322475377665755954354b7256736e657775644b76616f7534427250356e663354533768786944685436464f386d656c6a5a4b44796e69', '262da5c9-4ee9-4cb2-9d6e-0025e98941e8', '88f6ea93-ed8b-40c2-a727-6bd40044ef15', 1071) ON CONFLICT DO NOTHING;
INSERT INTO public.employee (employee_id, first_name, middle_name, last_name, street, city, state, country, zipcode, start_date, email, phone, password, supervisor_id, employee_type_id, emp_number) VALUES ('35cad718-cdf9-4504-9148-8d9cbbcafd7a', 'autivet', 'u', 'yet', '2,abi, usa', 'jersey', 'new jersey', 'usa', '12345', '2023-12-09', 'asews@turtlebackzoo.com', '2346298222', '\x243262243132242e2f4c416a417942364469657257787a7a3946326865744b4f76475152514d5238654a7149786167307532726938657037656a466d', '03a465f4-5573-46fc-a946-06afacac107b', '88f6ea93-ed8b-40c2-a727-6bd40044ef15', 1072) ON CONFLICT DO NOTHING;
INSERT INTO public.employee (employee_id, first_name, middle_name, last_name, street, city, state, country, zipcode, start_date, email, phone, password, supervisor_id, employee_type_id, emp_number) VALUES ('915f5fdc-94ea-4ba1-a6c1-1eb59961f927', 'aopvet', 'u', 'yet', '99,abi, usa', 'jersey', 'new jersey', 'usa', '12345', '2023-08-17', 'vetsdfs@turtlebackzoo.com', '2346298511', '\x243262243132246f437043616c7139794e5a685a5a3644315779562f2e655934553145523334694c73412e714e4d4d56624e764e4367466b53767161', '03a465f4-5573-46fc-a946-06afacac107b', '88f6ea93-ed8b-40c2-a727-6bd40044ef15', 1073) ON CONFLICT DO NOTHING;
INSERT INTO public.employee (employee_id, first_name, middle_name, last_name, street, city, state, country, zipcode, start_date, email, phone, password, supervisor_id, employee_type_id, emp_number) VALUES ('66d6371b-b934-4407-9fb1-0f5efb01c2cc', 'aervet', 'u', 'yet', '276,abi, usa', 'jersey', 'new jersey', 'usa', '12345', '2023-11-12', 'atyfs@turtlebackzoo.com', '2346295555', '\x2432622431322469414e434c774d36677a613156546b644f7a4b324c656b396950453630655251695977596e39317256334e616c66542f7344364e57', 'a70a9aaf-cf62-4cde-a031-28756741959a', '88f6ea93-ed8b-40c2-a727-6bd40044ef15', 1074) ON CONFLICT DO NOTHING;
INSERT INTO public.employee (employee_id, first_name, middle_name, last_name, street, city, state, country, zipcode, start_date, email, phone, password, supervisor_id, employee_type_id, emp_number) VALUES ('0c85ca32-64a5-4bd6-913f-2407e4a9dee1', 'ayyvet', 's', 'yet', '177,abi, usa', 'jersey', 'new jersey', 'usa', '12345', '2023-11-28', 'aertfs@turtlebackzoo.com', '2346298234', '\x2432622431322465573371373439466b635355574a7048556a7941304f65797144366c4a36544b694f4479726541652e6b58525147384d56616b314f', 'a70a9aaf-cf62-4cde-a031-28756741959a', '88f6ea93-ed8b-40c2-a727-6bd40044ef15', 1075) ON CONFLICT DO NOTHING;
INSERT INTO public.employee (employee_id, first_name, middle_name, last_name, street, city, state, country, zipcode, start_date, email, phone, password, supervisor_id, employee_type_id, emp_number) VALUES ('1a1dd7c0-0a5f-4e70-ba62-88e576d8797d', 'tytvet', 's', 'yet', '299,si, usa', 'jersey', 'new jersey', 'usa', '12345', '2023-09-07', 'auyts@turtlebackzoo.com', '2346296462', '\x24326224313224583258444b76765a313371616959782e43686a68674f526938704d683974516548743838417046656c74565a5a76594767765a3553', '262da5c9-4ee9-4cb2-9d6e-0025e98941e8', '88f6ea93-ed8b-40c2-a727-6bd40044ef15', 1076) ON CONFLICT DO NOTHING;
INSERT INTO public.employee (employee_id, first_name, middle_name, last_name, street, city, state, country, zipcode, start_date, email, phone, password, supervisor_id, employee_type_id, emp_number) VALUES ('e91af28c-f6e6-4846-8272-217151a6e075', 'asddsa', 'd', 'yet', '2123,abi, usa', 'jersey', 'new jersey', 'usa', '12345', '2023-09-14', 'aoofs@turtlebackzoo.com', '2346211112', '\x2432622431322445324b66456466347a354f483349306e4a42734d312e4b69577666746471396e76667a37514b30534d315941776b2f756567425857', '03a465f4-5573-46fc-a946-06afacac107b', '88f6ea93-ed8b-40c2-a727-6bd40044ef15', 1078) ON CONFLICT DO NOTHING;
INSERT INTO public.employee (employee_id, first_name, middle_name, last_name, street, city, state, country, zipcode, start_date, email, phone, password, supervisor_id, employee_type_id, emp_number) VALUES ('bebd5362-cfce-4e7a-a062-12802943a7c2', 'poiuyt', 'u', 'yet', '299,ayysi, usa', 'jersey', 'new jersey', 'usa', '12345', '2023-10-18', 'aswees@turtlebackzoo.com', '2222298554', '\x243262243132244e495a76775462616538425675374a63786f6d735265325242516b5a5448345661412f44316f4a375055565374496f6e7666456f43', 'e6c5010f-f6f7-4a70-b566-a7dcbe8ac919', '88f6ea93-ed8b-40c2-a727-6bd40044ef15', 1079) ON CONFLICT DO NOTHING;
INSERT INTO public.employee (employee_id, first_name, middle_name, last_name, street, city, state, country, zipcode, start_date, email, phone, password, supervisor_id, employee_type_id, emp_number) VALUES ('3d3f29b9-6a22-48eb-954b-34226769c915', 'asduivet', 'w', 'yet', '2er,abi, usa', 'jersey', 'new jersey', 'usa', '12345', '2023-03-09', 'sddefs@turtlebackzoo.com', '2346297664', '\x243262243132244c6b7a6b6f4a7575547743424b6e6a2f48374236534f54666545536633583958386e7a61742f575a304f62564450736d4765464d53', 'a70a9aaf-cf62-4cde-a031-28756741959a', '88f6ea93-ed8b-40c2-a727-6bd40044ef15', 1080) ON CONFLICT DO NOTHING;
INSERT INTO public.employee (employee_id, first_name, middle_name, last_name, street, city, state, country, zipcode, start_date, email, phone, password, supervisor_id, employee_type_id, emp_number) VALUES ('a3007e5f-b17d-44a9-a32f-43acf0dad714', 'qwewer', 'd', 'yet', '21,aqwe, usa', 'jersey', 'new jersey', 'usa', '12345', '2023-11-13', 'qwes@turtlebackzoo.com', '2346212343', '\x2432622431322450485366633148764b464548333963665365496b6565784e6d32547345645350714b3130472f746959637042586e472f31684a5043', 'e6c5010f-f6f7-4a70-b566-a7dcbe8ac919', '88f6ea93-ed8b-40c2-a727-6bd40044ef15', 1081) ON CONFLICT DO NOTHING;
INSERT INTO public.employee (employee_id, first_name, middle_name, last_name, street, city, state, country, zipcode, start_date, email, phone, password, supervisor_id, employee_type_id, emp_number) VALUES ('10618d38-486d-4a2a-8813-a6d178ee8142', 'aiuovet', 's', 'yet', '1,abasi, usa', 'jersey', 'new jersey', 'usa', '12345', '2023-08-08', 'errfs@turtlebackzoo.com', '2346297777', '\x24326224313224707a6c794d6f624c44636c4f627634332e444132624f415137487665727952784578724f4e786e743045464a743638767138554b32', '262da5c9-4ee9-4cb2-9d6e-0025e98941e8', '88f6ea93-ed8b-40c2-a727-6bd40044ef15', 1082) ON CONFLICT DO NOTHING;
INSERT INTO public.employee (employee_id, first_name, middle_name, last_name, street, city, state, country, zipcode, start_date, email, phone, password, supervisor_id, employee_type_id, emp_number) VALUES ('d8c01f9a-cd07-4d99-be27-8ea140eb5dbd', 'aspire', 'd', 'yet', '21,atyasi, usa', 'jersey', 'new jersey', 'usa', '12345', '2023-09-12', 'uu345@turtlebackzoo.com', '2346292233', '\x243262243132244f4a4f745476304774487670502e684b39616279376539365a626d6142674e64325462372e61322e666d656a2f346b4b6a695a4a61', '03a465f4-5573-46fc-a946-06afacac107b', '88f6ea93-ed8b-40c2-a727-6bd40044ef15', 1083) ON CONFLICT DO NOTHING;
INSERT INTO public.employee (employee_id, first_name, middle_name, last_name, street, city, state, country, zipcode, start_date, email, phone, password, supervisor_id, employee_type_id, emp_number) VALUES ('29123ab2-9821-4db2-b0be-0b2f6e0c4925', 'sdfyu', 's', 'yet', '001,abi, usa', 'jersey', 'new jersey', 'usa', '12345', '2023-11-15', 'auiufs@turtlebackzoo.com', '2346233555', '\x243262243132244f737158646d7a38647548415a343177613871434e6558646542784674356b574672487975314737625644644b532f4c3375437832', 'f57ee9b5-decc-4008-9a23-0e270f63923c', '01104a75-e543-40c1-a6dc-175e2d2eb8aa', 1084) ON CONFLICT DO NOTHING;
INSERT INTO public.employee (employee_id, first_name, middle_name, last_name, street, city, state, country, zipcode, start_date, email, phone, password, supervisor_id, employee_type_id, emp_number) VALUES ('991e7b92-b33c-4637-bcfd-ff547d2f53c3', 'puiani', 'q', 'yet', '23,assi, usa', 'jersey', 'new jersey', 'usa', '12345', '2023-11-30', 'asdee@turtlebackzoo.com', '2346298551', '\x24326224313224746f495a3673454b705232675137676853624d734d6556315661752f713934314e5473325833526444384f5872446f72766f715465', 'f57ee9b5-decc-4008-9a23-0e270f63923c', '01104a75-e543-40c1-a6dc-175e2d2eb8aa', 1085) ON CONFLICT DO NOTHING;
INSERT INTO public.employee (employee_id, first_name, middle_name, last_name, street, city, state, country, zipcode, start_date, email, phone, password, supervisor_id, employee_type_id, emp_number) VALUES ('69f28ef3-ceef-4e7e-9775-ae2d975295dc', 'animew', 'u', 'yet', '21,arrei, usa', 'jersey', 'new jersey', 'usa', '12345', '2023-06-16', 'animsdfs@turtlebackzoo.com', '2346232311', '\x243262243132243678774e572e556f6a382f52706530696d6d782e534f58444732686862685a58434a746a6f666a4f457648325a364f5832654e3557', 'f57ee9b5-decc-4008-9a23-0e270f63923c', '01104a75-e543-40c1-a6dc-175e2d2eb8aa', 1086) ON CONFLICT DO NOTHING;
INSERT INTO public.employee (employee_id, first_name, middle_name, last_name, street, city, state, country, zipcode, start_date, email, phone, password, supervisor_id, employee_type_id, emp_number) VALUES ('9c04c9dd-07b0-42dd-8f02-3d35b9714646', 'iyiyyi', 'd', 'yet', '221,abi, ua', 'jersey', 'new jersey', 'usa', '12345', '2023-11-06', 'asioois@turtlebackzoo.com', '2346296565', '\x243262243132242e59666958686346713162337265346f703432646a656d50726473516f496241413873624e4535496f316231304e6269636136572e', 'a70a9aaf-cf62-4cde-a031-28756741959a', '01104a75-e543-40c1-a6dc-175e2d2eb8aa', 1087) ON CONFLICT DO NOTHING;
INSERT INTO public.employee (employee_id, first_name, middle_name, last_name, street, city, state, country, zipcode, start_date, email, phone, password, supervisor_id, employee_type_id, emp_number) VALUES ('720b2a03-e170-4cbe-92ae-503fcbc7bb57', 'yutyrr', 's', 'yet', '21,aww, usa', 'jersey', 'new jersey', 'usa', '12345', '2023-10-23', 'ioofs@turtlebackzoo.com', '2346211323', '\x243262243132246f7264344f6d2f57673767694d5a51596646696c522e7a426c6d58757a41344f452f53765338384e302f4d2e676f716a6a416a382e', '262da5c9-4ee9-4cb2-9d6e-0025e98941e8', '01104a75-e543-40c1-a6dc-175e2d2eb8aa', 1088) ON CONFLICT DO NOTHING;
INSERT INTO public.employee (employee_id, first_name, middle_name, last_name, street, city, state, country, zipcode, start_date, email, phone, password, supervisor_id, employee_type_id, emp_number) VALUES ('c87f671a-af8c-4052-93f2-a06d7173bdcc', 'ertytre', 'u', 'yet', '2178,abi, usa', 'jersey', 'new jersey', 'usa', '12345', '2023-10-17', 'aerefs@turtlebackzoo.com', '1346298559', '\x243262243132242e36726e56496f4656705979383342314a4832656a2e6c4534536a71376f74675a7a384c5930664c4b48734a4551304e3463395665', 'a70a9aaf-cf62-4cde-a031-28756741959a', '01104a75-e543-40c1-a6dc-175e2d2eb8aa', 1089) ON CONFLICT DO NOTHING;
INSERT INTO public.employee (employee_id, first_name, middle_name, last_name, street, city, state, country, zipcode, start_date, email, phone, password, supervisor_id, employee_type_id, emp_number) VALUES ('760f06f0-c615-48ea-8744-8ee598d67697', 'lkjhf', 's', 'yet', '21,arrei, usq', 'jersey', 'new jersey', 'usa', '12345', '2023-11-15', 'asdfwes@turtlebackzoo.com', '2346298544', '\x243262243132247a2e66392f3856394a482f554555744473625670542e716d46703049374c64386a316e774a484a6866452e56367870335a30496b61', 'f57ee9b5-decc-4008-9a23-0e270f63923c', '01104a75-e543-40c1-a6dc-175e2d2eb8aa', 1090) ON CONFLICT DO NOTHING;
INSERT INTO public.employee (employee_id, first_name, middle_name, last_name, street, city, state, country, zipcode, start_date, email, phone, password, supervisor_id, employee_type_id, emp_number) VALUES ('271d2817-997b-4ff1-97df-f026fa024f92', 'fhshd', 'u', 'yet', '2939,assi, usa', 'jersey', 'new jersey', 'usa', '12345', '2023-11-29', 'asdfweqs@turtlebackzoo.com', '2346298334', '\x243262243132243779417637486b47496b324e34434d617866714335654e6b4a4b76616647536f4676393965554a2f77564239475572753069637a47', 'f57ee9b5-decc-4008-9a23-0e270f63923c', '01104a75-e543-40c1-a6dc-175e2d2eb8aa', 1091) ON CONFLICT DO NOTHING;
INSERT INTO public.employee (employee_id, first_name, middle_name, last_name, street, city, state, country, zipcode, start_date, email, phone, password, supervisor_id, employee_type_id, emp_number) VALUES ('f3f62fb8-9f15-4ff1-afb9-29f05cf86627', 'asdvrr', 'u', 'yetw', '44,abi, usa', 'jersey', 'new jersey', 'usa', '12345', '2023-09-15', 'asderes@turtlebackzoo.com', '2377298559', '\x24326224313224764b45515547556e577a2f70302e4459414f65766b4f6b4b3961755a78794649556d796e34352e32614764444d5169466c6f75632e', '03a465f4-5573-46fc-a946-06afacac107b', '01104a75-e543-40c1-a6dc-175e2d2eb8aa', 1092) ON CONFLICT DO NOTHING;
INSERT INTO public.employee (employee_id, first_name, middle_name, last_name, street, city, state, country, zipcode, start_date, email, phone, password, supervisor_id, employee_type_id, emp_number) VALUES ('6a96e5ef-d33a-4ce7-b510-a5f799c90c97', 'yyieie', 'u', 'yetw', '21,abiss, usa', 'jersey', 'new jersey', 'usa', '12345', '2023-12-08', 'uuwess@turtlebackzoo.com', '2346668559', '\x243262243132244b49754b622f6275656b4e514d6d78624a324674392e673673666a774f4e4d506b7971516d63687a776a566b72412f522e6d796f43', 'a70a9aaf-cf62-4cde-a031-28756741959a', '01104a75-e543-40c1-a6dc-175e2d2eb8aa', 1093) ON CONFLICT DO NOTHING;
INSERT INTO public.employee (employee_id, first_name, middle_name, last_name, street, city, state, country, zipcode, start_date, email, phone, password, supervisor_id, employee_type_id, emp_number) VALUES ('6130189b-7c1e-4eb0-a698-15fbf9991100', 'sdfvetuu', 'd', 'yet', '21,assi, usaa', 'jersey', 'new jersey', 'usa', '12345', '2023-11-30', 'aslldfs@turtlebackzoo.com', '2346277877', '\x243262243132246f4350424441574c3546385561764535585031694d7533646e42367a4266396b7a496e36446e2f66473177786978694b624b4d6136', 'f57ee9b5-decc-4008-9a23-0e270f63923c', '01104a75-e543-40c1-a6dc-175e2d2eb8aa', 1094) ON CONFLICT DO NOTHING;
INSERT INTO public.employee (employee_id, first_name, middle_name, last_name, street, city, state, country, zipcode, start_date, email, phone, password, supervisor_id, employee_type_id, emp_number) VALUES ('bcdd034c-9ab8-4594-95e4-2789cd1a1603', 'tyuytu', 'w', 'yet', '21,aseqwei, usa', 'jersey', 'new jersey', 'usa', '12345', '2023-12-08', 'aiiofs@turtlebackzoo.com', '2346298303', '\x2432622431322452622e6a6c646870506d516c507179315038474f6a656333563068635455714d78565137675956765161465a4f7872313365695671', '262da5c9-4ee9-4cb2-9d6e-0025e98941e8', '01104a75-e543-40c1-a6dc-175e2d2eb8aa', 1095) ON CONFLICT DO NOTHING;
INSERT INTO public.employee (employee_id, first_name, middle_name, last_name, street, city, state, country, zipcode, start_date, email, phone, password, supervisor_id, employee_type_id, emp_number) VALUES ('6ee5f51c-a52d-4d47-86e8-2d5c7dddbde0', 'eyeygy', 'u', 'yet', '21,asdsi, usa', 'jersey', 'new jersey', 'usa', '12345', '2023-09-16', 'atrt@turtlebackzoo.com', '2346209090', '\x24326224313224397a30347644663937454d722e5a75565377755241756d6b5a54676f6537416568654b584e455a5a345464344d685837554e555747', 'edca5e43-e5a0-4018-820f-499b4eb8776e', '01104a75-e543-40c1-a6dc-175e2d2eb8aa', 1096) ON CONFLICT DO NOTHING;

INSERT INTO public.animals (animal_id, species_id, enclosure_id, status, birth_year, tag_number) VALUES ('004b1414-bc39-4a01-a871-e9b675bcc9b5', '095b976e-054f-436a-8696-53caf075aba0', '1737d7e0-eed4-4457-8130-15b96e06716f', 'Healthy', 2016, 100014) ON CONFLICT DO NOTHING;
INSERT INTO public.animals (animal_id, species_id, enclosure_id, status, birth_year, tag_number) VALUES ('09d45d52-c596-474d-83df-6c463863b2ce', '158fd663-9b17-4351-b4fe-d8751714db6a', '9ea99071-703f-49ba-9980-164f8681d3b5', 'Healthy', 2016, 100008) ON CONFLICT DO NOTHING;
INSERT INTO public.animals (animal_id, species_id, enclosure_id, status, birth_year, tag_number) VALUES ('26154597-eb6d-4d1b-8e12-8de2e471bbb2', '1f5c826d-aeec-4c34-a79d-622854fd6d8e', '1737d7e0-eed4-4457-8130-15b96e06716f', 'Healthy', 2013, 100012) ON CONFLICT DO NOTHING;
INSERT INTO public.animals (animal_id, species_id, enclosure_id, status, birth_year, tag_number) VALUES ('3e23a820-1094-4b26-9b85-2b944360999e', '7444bd4e-a535-4595-857a-0064fdfa14fe', '1737d7e0-eed4-4457-8130-15b96e06716f', 'Healthy', 2014, 100015) ON CONFLICT DO NOTHING;
INSERT INTO public.animals (animal_id, species_id, enclosure_id, status, birth_year, tag_number) VALUES ('594cf059-f77b-41fc-91b2-391d130207ef', '4c2daddd-afc0-4984-a13a-91903830b19a', 'ca703220-c57f-43e6-9d97-f78e94bbed6d', 'Healthy', 2020, 100003) ON CONFLICT DO NOTHING;
INSERT INTO public.animals (animal_id, species_id, enclosure_id, status, birth_year, tag_number) VALUES ('5a44088a-9590-4f0a-8b44-422d23e3dc76', '41d3a020-e970-439d-86fa-2af07f249961', '04fb7c61-58d7-45f7-a10e-283959e5ee0d', 'Healthy', 2014, 100005) ON CONFLICT DO NOTHING;
INSERT INTO public.animals (animal_id, species_id, enclosure_id, status, birth_year, tag_number) VALUES ('73a09b25-c290-4d00-8374-748ab7d6421f', '0c8bb3cd-b9a1-44d8-b5f5-e3f0aef3fcd0', '04fb7c61-58d7-45f7-a10e-283959e5ee0d', 'Healthy', 2017, 100004) ON CONFLICT DO NOTHING;
INSERT INTO public.animals (animal_id, species_id, enclosure_id, status, birth_year, tag_number) VALUES ('9a024018-9762-408a-a232-167c5aa9a122', '5c63ef8c-5d34-43d7-b4cb-aa5c9f1f174e', '9ea99071-703f-49ba-9980-164f8681d3b5', 'Healthy', 2015, 100007) ON CONFLICT DO NOTHING;
INSERT INTO public.animals (animal_id, species_id, enclosure_id, status, birth_year, tag_number) VALUES ('b96b4065-006a-47d8-a7a1-680ed5246aea', '40b8ec9c-1a5f-45e8-9c59-4208f057876b', '9ea99071-703f-49ba-9980-164f8681d3b5', 'Healthy', 2021, 100011) ON CONFLICT DO NOTHING;
INSERT INTO public.animals (animal_id, species_id, enclosure_id, status, birth_year, tag_number) VALUES ('b9ccb001-b742-455f-bd4f-68546f2b3de3', 'c9413e4c-97b6-4bcf-838e-3ff1f8888989', '9ea99071-703f-49ba-9980-164f8681d3b5', 'Healthy', 2019, 100009) ON CONFLICT DO NOTHING;
INSERT INTO public.animals (animal_id, species_id, enclosure_id, status, birth_year, tag_number) VALUES ('bbb25cf5-6107-4d13-a5a8-c3cda581e355', '1e44ece3-68ab-47cd-a3fb-0c98b40d3c53', 'ca703220-c57f-43e6-9d97-f78e94bbed6d', 'Healthy', 2018, 100000) ON CONFLICT DO NOTHING;
INSERT INTO public.animals (animal_id, species_id, enclosure_id, status, birth_year, tag_number) VALUES ('be041b63-c715-4e38-b47d-a2189aa8576f', 'e70fbad1-a543-44cc-8275-3fafd1ff6283', '9ea99071-703f-49ba-9980-164f8681d3b5', 'Healthy', 2020, 100010) ON CONFLICT DO NOTHING;
INSERT INTO public.animals (animal_id, species_id, enclosure_id, status, birth_year, tag_number) VALUES ('cf1f4a5f-1428-4d4a-9110-63c5355b1ed7', '4dace4c4-e764-438c-993d-5a6581282e47', '04fb7c61-58d7-45f7-a10e-283959e5ee0d', 'Healthy', 2018, 100006) ON CONFLICT DO NOTHING;
INSERT INTO public.animals (animal_id, species_id, enclosure_id, status, birth_year, tag_number) VALUES ('dfcdc73d-32aa-48b3-a60c-211e164a7e8a', 'c7525881-ebea-4c3c-84b7-a7b463f3b044', 'ca703220-c57f-43e6-9d97-f78e94bbed6d', 'Healthy', 2019, 100001) ON CONFLICT DO NOTHING;
INSERT INTO public.animals (animal_id, species_id, enclosure_id, status, birth_year, tag_number) VALUES ('f22697e9-f7fe-4801-999a-ec3268182fc7', '81b2f5f6-ab96-4c0e-8646-87ac38e919a7', '1737d7e0-eed4-4457-8130-15b96e06716f', 'Healthy', 2018, 100013) ON CONFLICT DO NOTHING;
INSERT INTO public.animals (animal_id, species_id, enclosure_id, status, birth_year, tag_number) VALUES ('fcb5c7f1-a3a6-4286-b806-a9bf0c12eb32', '7ac5acca-ad6c-4301-aa0c-f40eaa0e6f7b', 'ca703220-c57f-43e6-9d97-f78e94bbed6d', 'Healthy', 2016, 100002) ON CONFLICT DO NOTHING;
INSERT INTO public.animals (animal_id, species_id, enclosure_id, status, birth_year, tag_number) VALUES ('9e2a740a-6160-4590-b362-21431621440c', '7ac5acca-ad6c-4301-aa0c-f40eaa0e6f7b', '94dfc859-dc3b-447b-909f-a0de45eaa3d7', 'HEALTHY', 2025, 100021) ON CONFLICT DO NOTHING;
INSERT INTO public.animals (animal_id, species_id, enclosure_id, status, birth_year, tag_number) VALUES ('f9b4753b-73de-40fe-a114-91366074aba3', '1e44ece3-68ab-47cd-a3fb-0c98b40d3c53', 'ca703220-c57f-43e6-9d97-f78e94bbed6d', 'Medical Care', 2019, 100016) ON CONFLICT DO NOTHING;
INSERT INTO public.animals (animal_id, species_id, enclosure_id, status, birth_year, tag_number) VALUES ('3507f7e2-5bb7-4e05-add8-f9e0ed4dc253', 'c7525881-ebea-4c3c-84b7-a7b463f3b044', 'ca703220-c57f-43e6-9d97-f78e94bbed6d', 'Medical Care', 2018, 100017) ON CONFLICT DO NOTHING;
INSERT INTO public.animals (animal_id, species_id, enclosure_id, status, birth_year, tag_number) VALUES ('b045e58c-5930-4ace-a2a9-f29cfaab411d', '7ac5acca-ad6c-4301-aa0c-f40eaa0e6f7b', 'ca703220-c57f-43e6-9d97-f78e94bbed6d', 'Medical Care', 2017, 100018) ON CONFLICT DO NOTHING;
INSERT INTO public.animals (animal_id, species_id, enclosure_id, status, birth_year, tag_number) VALUES ('f1d6d616-40b5-45db-afc6-9ac95b4258d7', '4c2daddd-afc0-4984-a13a-91903830b19a', 'ca703220-c57f-43e6-9d97-f78e94bbed6d', 'Medical Care', 2019, 100019) ON CONFLICT DO NOTHING;
INSERT INTO public.animals (animal_id, species_id, enclosure_id, status, birth_year, tag_number) VALUES ('ce913411-c0c7-412d-b9d1-766587bc9cbc', '0c8bb3cd-b9a1-44d8-b5f5-e3f0aef3fcd0', '04fb7c61-58d7-45f7-a10e-283959e5ee0d', 'Medical Care', 2015, 100020) ON CONFLICT DO NOTHING;
INSERT INTO public.animals (animal_id, species_id, enclosure_id, status, birth_year, tag_number) VALUES ('36fe4906-94a5-49be-8408-05c45c077cef', '4dace4c4-e764-438c-993d-5a6581282e47', '04fb7c61-58d7-45f7-a10e-283959e5ee0d', 'Medical Care', 2018, 100022) ON CONFLICT DO NOTHING;
INSERT INTO public.animals (animal_id, species_id, enclosure_id, status, birth_year, tag_number) VALUES ('684487fe-9b6c-4735-b22a-ecbb4458709b', '5c63ef8c-5d34-43d7-b4cb-aa5c9f1f174e', '04fb7c61-58d7-45f7-a10e-283959e5ee0d', 'Medical Care', 2019, 100023) ON CONFLICT DO NOTHING;
INSERT INTO public.animals (animal_id, species_id, enclosure_id, status, birth_year, tag_number) VALUES ('859a9760-6dc3-4df7-ae56-552d90ed1d67', 'f7f61ff4-abfc-4f33-887e-b7890309f083', '04fb7c61-58d7-45f7-a10e-283959e5ee0d', 'Medical Care', 2017, 100024) ON CONFLICT DO NOTHING;
INSERT INTO public.animals (animal_id, species_id, enclosure_id, status, birth_year, tag_number) VALUES ('a23981fd-bc19-4536-b6f2-0f3b5e472a48', '1e44ece3-68ab-47cd-a3fb-0c98b40d3c53', 'ca703220-c57f-43e6-9d97-f78e94bbed6d', 'Newborn', 2023, 100025) ON CONFLICT DO NOTHING;
INSERT INTO public.animals (animal_id, species_id, enclosure_id, status, birth_year, tag_number) VALUES ('bb119873-ce0e-4e61-a860-4b451d818288', 'c7525881-ebea-4c3c-84b7-a7b463f3b044', 'ca703220-c57f-43e6-9d97-f78e94bbed6d', 'Newborn', 2023, 100026) ON CONFLICT DO NOTHING;
INSERT INTO public.animals (animal_id, species_id, enclosure_id, status, birth_year, tag_number) VALUES ('01e17f07-1765-4c7e-ab1f-9c29c828838b', '0c8bb3cd-b9a1-44d8-b5f5-e3f0aef3fcd0', '04fb7c61-58d7-45f7-a10e-283959e5ee0d', 'Newborn', 2023, 100027) ON CONFLICT DO NOTHING;
INSERT INTO public.animals (animal_id, species_id, enclosure_id, status, birth_year, tag_number) VALUES ('81ce4ac2-8b94-4c88-b99f-9aae7127d8a4', '41d3a020-e970-439d-86fa-2af07f249961', '04fb7c61-58d7-45f7-a10e-283959e5ee0d', 'Newborn', 2023, 100028) ON CONFLICT DO NOTHING;
INSERT INTO public.animals (animal_id, species_id, enclosure_id, status, birth_year, tag_number) VALUES ('26c1742b-5b81-4462-a14d-1aeddd639e1c', '7ac5acca-ad6c-4301-aa0c-f40eaa0e6f7b', 'ca703220-c57f-43e6-9d97-f78e94bbed6d', 'Newborn', 2023, 100029) ON CONFLICT DO NOTHING;
INSERT INTO public.animals (animal_id, species_id, enclosure_id, status, birth_year, tag_number) VALUES ('a52d8e31-7878-4309-8a89-9028439031c2', '4c2daddd-afc0-4984-a13a-91903830b19a', 'ca703220-c57f-43e6-9d97-f78e94bbed6d', 'Newborn', 2023, 100030) ON CONFLICT DO NOTHING;
INSERT INTO public.animals (animal_id, species_id, enclosure_id, status, birth_year, tag_number) VALUES ('07cfcb85-b540-421d-829e-82ffff29d2b3', '4dace4c4-e764-438c-993d-5a6581282e47', '04fb7c61-58d7-45f7-a10e-283959e5ee0d', 'Newborn', 2023, 100031) ON CONFLICT DO NOTHING;
INSERT INTO public.animals (animal_id, species_id, enclosure_id, status, birth_year, tag_number) VALUES ('ce1bf761-e434-4ffd-b3b1-07c6f0f5481d', '5c63ef8c-5d34-43d7-b4cb-aa5c9f1f174e', '04fb7c61-58d7-45f7-a10e-283959e5ee0d', 'Newborn', 2023, 100032) ON CONFLICT DO NOTHING;
INSERT INTO public.animals (animal_id, species_id, enclosure_id, status, birth_year, tag_number) VALUES ('1cb616a4-41c5-42e2-ab6a-6366f286d048', 'f7f61ff4-abfc-4f33-887e-b7890309f083', '04fb7c61-58d7-45f7-a10e-283959e5ee0d', 'Newborn', 2023, 100033) ON CONFLICT DO NOTHING;
INSERT INTO public.animals (animal_id, species_id, enclosure_id, status, birth_year, tag_number) VALUES ('1753617f-86fa-4de1-aefc-868359fb5d43', '1e44ece3-68ab-47cd-a3fb-0c98b40d3c53', 'ca703220-c57f-43e6-9d97-f78e94bbed6d', 'Maternal Leave', 2015, 100034) ON CONFLICT DO NOTHING;
INSERT INTO public.animals (animal_id, species_id, enclosure_id, status, birth_year, tag_number) VALUES ('87c0a23f-844d-44e9-bbae-57ff83e37b3e', '7ac5acca-ad6c-4301-aa0c-f40eaa0e6f7b', 'ca703220-c57f-43e6-9d97-f78e94bbed6d', 'Maternal Leave', 2014, 100035) ON CONFLICT DO NOTHING;
INSERT INTO public.animals (animal_id, species_id, enclosure_id, status, birth_year, tag_number) VALUES ('23722d03-5ae7-48d6-b788-d7472ced0ca1', '4c2daddd-afc0-4984-a13a-91903830b19a', 'ca703220-c57f-43e6-9d97-f78e94bbed6d', 'Maternal Leave', 2015, 100036) ON CONFLICT DO NOTHING;
INSERT INTO public.animals (animal_id, species_id, enclosure_id, status, birth_year, tag_number) VALUES ('c4b0e795-fde7-411c-b418-f537c3028d69', '41d3a020-e970-439d-86fa-2af07f249961', '04fb7c61-58d7-45f7-a10e-283959e5ee0d', 'Maternal Leave', 2015, 100037) ON CONFLICT DO NOTHING;
INSERT INTO public.animals (animal_id, species_id, enclosure_id, status, birth_year, tag_number) VALUES ('e19c4b79-06ed-4aac-abad-683ffd8f8668', '0c8bb3cd-b9a1-44d8-b5f5-e3f0aef3fcd0', '04fb7c61-58d7-45f7-a10e-283959e5ee0d', 'Maternal Leave', 2014, 100038) ON CONFLICT DO NOTHING;
INSERT INTO public.animals (animal_id, species_id, enclosure_id, status, birth_year, tag_number) VALUES ('6ca9f5ec-d9df-4deb-b306-188b99029b28', '5c63ef8c-5d34-43d7-b4cb-aa5c9f1f174e', '04fb7c61-58d7-45f7-a10e-283959e5ee0d', 'Maternal Leave', 2013, 100039) ON CONFLICT DO NOTHING;
INSERT INTO public.animals (animal_id, species_id, enclosure_id, status, birth_year, tag_number) VALUES ('3b880f32-3430-46fd-a9d1-2541ccda1b90', 'f7f61ff4-abfc-4f33-887e-b7890309f083', '04fb7c61-58d7-45f7-a10e-283959e5ee0d', 'Maternal Leave', 2015, 100040) ON CONFLICT DO NOTHING;
INSERT INTO public.animals (animal_id, species_id, enclosure_id, status, birth_year, tag_number) VALUES ('ca697dd3-8ac0-479f-805c-d8a88908f72c', '158fd663-9b17-4351-b4fe-d8751714db6a', '9ea99071-703f-49ba-9980-164f8681d3b5', 'Maternal Leave', 2017, 100041) ON CONFLICT DO NOTHING;
INSERT INTO public.animals (animal_id, species_id, enclosure_id, status, birth_year, tag_number) VALUES ('a0ee5ccc-0461-4260-8ed0-797fec6c98ec', '158fd663-9b17-4351-b4fe-d8751714db6a', '9ea99071-703f-49ba-9980-164f8681d3b5', 'Medical Care', 2019, 100042) ON CONFLICT DO NOTHING;
INSERT INTO public.animals (animal_id, species_id, enclosure_id, status, birth_year, tag_number) VALUES ('ab90faea-8aec-4870-9474-c5cb8e311ad3', '158fd663-9b17-4351-b4fe-d8751714db6a', '9ea99071-703f-49ba-9980-164f8681d3b5', 'Newborn', 2023, 100043) ON CONFLICT DO NOTHING;
INSERT INTO public.animals (animal_id, species_id, enclosure_id, status, birth_year, tag_number) VALUES ('9b4ff0ce-58b4-483a-9cf2-10ac049efc41', 'c9413e4c-97b6-4bcf-838e-3ff1f8888989', '9ea99071-703f-49ba-9980-164f8681d3b5', 'Newborn', 2023, 100044) ON CONFLICT DO NOTHING;
INSERT INTO public.animals (animal_id, species_id, enclosure_id, status, birth_year, tag_number) VALUES ('fb295371-5bfc-498e-a877-f5dbedcebe51', 'c9413e4c-97b6-4bcf-838e-3ff1f8888989', '9ea99071-703f-49ba-9980-164f8681d3b5', 'Medical Care', 2021, 100045) ON CONFLICT DO NOTHING;
INSERT INTO public.animals (animal_id, species_id, enclosure_id, status, birth_year, tag_number) VALUES ('9bd585b6-5f03-4023-8544-ae63cd2be087', 'c9413e4c-97b6-4bcf-838e-3ff1f8888989', '9ea99071-703f-49ba-9980-164f8681d3b5', 'Medical Care', 2016, 100046) ON CONFLICT DO NOTHING;
INSERT INTO public.animals (animal_id, species_id, enclosure_id, status, birth_year, tag_number) VALUES ('41e8550d-2703-4e22-ae3a-553f3c9f98ea', 'e70fbad1-a543-44cc-8275-3fafd1ff6283', '9ea99071-703f-49ba-9980-164f8681d3b5', 'Medical Care', 2018, 100047) ON CONFLICT DO NOTHING;
INSERT INTO public.animals (animal_id, species_id, enclosure_id, status, birth_year, tag_number) VALUES ('b3db99f1-15e0-41ea-98fa-8787ee65553b', 'e70fbad1-a543-44cc-8275-3fafd1ff6283', '9ea99071-703f-49ba-9980-164f8681d3b5', 'Newborn', 2023, 100048) ON CONFLICT DO NOTHING;
INSERT INTO public.animals (animal_id, species_id, enclosure_id, status, birth_year, tag_number) VALUES ('3443a73a-a002-4559-b3df-1e64d8d5ef24', '40b8ec9c-1a5f-45e8-9c59-4208f057876b', '9ea99071-703f-49ba-9980-164f8681d3b5', 'Medical Care', 2016, 100049) ON CONFLICT DO NOTHING;
INSERT INTO public.animals (animal_id, species_id, enclosure_id, status, birth_year, tag_number) VALUES ('aaef0671-3a76-482a-8431-5d263b7ea37d', '40b8ec9c-1a5f-45e8-9c59-4208f057876b', '9ea99071-703f-49ba-9980-164f8681d3b5', 'Maternal Leave', 2018, 100050) ON CONFLICT DO NOTHING;
INSERT INTO public.animals (animal_id, species_id, enclosure_id, status, birth_year, tag_number) VALUES ('72e65c8c-6c25-42b6-93ef-16f12935bd72', '40b8ec9c-1a5f-45e8-9c59-4208f057876b', '9ea99071-703f-49ba-9980-164f8681d3b5', 'Newborn', 2023, 100051) ON CONFLICT DO NOTHING;
INSERT INTO public.animals (animal_id, species_id, enclosure_id, status, birth_year, tag_number) VALUES ('0bb9587b-5742-44a7-af5d-2c0152bae6b1', '81b2f5f6-ab96-4c0e-8646-87ac38e919a7', '9ea99071-703f-49ba-9980-164f8681d3b5', 'Medical Care', 2021, 100054) ON CONFLICT DO NOTHING;
INSERT INTO public.animals (animal_id, species_id, enclosure_id, status, birth_year, tag_number) VALUES ('cb335e38-317a-4754-b612-d8c9760699e4', '81b2f5f6-ab96-4c0e-8646-87ac38e919a7', '1737d7e0-eed4-4457-8130-15b96e06716f', 'Maternal Leave', 2023, 100056) ON CONFLICT DO NOTHING;
INSERT INTO public.animals (animal_id, species_id, enclosure_id, status, birth_year, tag_number) VALUES ('3a23d48c-ac55-4e1b-9bc1-73e27a4e0cb2', '1f5c826d-aeec-4c34-a79d-622854fd6d8e', '1737d7e0-eed4-4457-8130-15b96e06716f', 'Medical Care', 2018, 100052) ON CONFLICT DO NOTHING;
INSERT INTO public.animals (animal_id, species_id, enclosure_id, status, birth_year, tag_number) VALUES ('203be4f3-4614-4c69-9220-9a2941b1a471', '1f5c826d-aeec-4c34-a79d-622854fd6d8e', '1737d7e0-eed4-4457-8130-15b96e06716f', 'Newborn', 2023, 100053) ON CONFLICT DO NOTHING;
INSERT INTO public.animals (animal_id, species_id, enclosure_id, status, birth_year, tag_number) VALUES ('2f5b28c4-d2b9-431f-9b09-14f51c469819', '095b976e-054f-436a-8696-53caf075aba0', '1737d7e0-eed4-4457-8130-15b96e06716f', 'Medical Care', 1999, 100057) ON CONFLICT DO NOTHING;
INSERT INTO public.animals (animal_id, species_id, enclosure_id, status, birth_year, tag_number) VALUES ('1e4665b5-bf03-4809-8d80-795542d28897', '095b976e-054f-436a-8696-53caf075aba0', '1737d7e0-eed4-4457-8130-15b96e06716f', 'Maternal Leave', 2000, 100058) ON CONFLICT DO NOTHING;
INSERT INTO public.animals (animal_id, species_id, enclosure_id, status, birth_year, tag_number) VALUES ('da42981a-9b15-465e-97a7-7bdd54dd22e6', '7444bd4e-a535-4595-857a-0064fdfa14fe', '1737d7e0-eed4-4457-8130-15b96e06716f', 'Medical Care', 2019, 100059) ON CONFLICT DO NOTHING;
INSERT INTO public.animals (animal_id, species_id, enclosure_id, status, birth_year, tag_number) VALUES ('f84ade7a-ff3f-4a1e-b0fa-36acaa290640', '7444bd4e-a535-4595-857a-0064fdfa14fe', '1737d7e0-eed4-4457-8130-15b96e06716f', 'Maternal Leave', 2013, 100060) ON CONFLICT DO NOTHING;

INSERT INTO public.aquatic (species_id, finned_type, average_length) VALUES ('158fd663-9b17-4351-b4fe-d8751714db6a', 'Fins', 20) ON CONFLICT DO NOTHING;
INSERT INTO public.aquatic (species_id, finned_type, average_length) VALUES ('c9413e4c-97b6-4bcf-838e-3ff1f8888989', 'Fins', 8) ON CONFLICT DO NOTHING;
INSERT INTO public.aquatic (species_id, finned_type, average_length) VALUES ('e70fbad1-a543-44cc-8275-3fafd1ff6283', 'Fins', 10) ON CONFLICT DO NOTHING;
INSERT INTO public.aquatic (species_id, finned_type, average_length) VALUES ('40b8ec9c-1a5f-45e8-9c59-4208f057876b', 'Fins', 1) ON CONFLICT DO NOTHING;

INSERT INTO public.bird (species_id, feather_type, nesting_behaviour, migratory) VALUES ('1e44ece3-68ab-47cd-a3fb-0c98b40d3c53', 'Feathers', 'Nests in trees', true) ON CONFLICT DO NOTHING;
INSERT INTO public.bird (species_id, feather_type, nesting_behaviour, migratory) VALUES ('c7525881-ebea-4c3c-84b7-a7b463f3b044', 'Feathers', 'Nests in shrubs', false) ON CONFLICT DO NOTHING;
INSERT INTO public.bird (species_id, feather_type, nesting_behaviour, migratory) VALUES ('7ac5acca-ad6c-4301-aa0c-f40eaa0e6f7b', 'Feathers', 'Builds burrows', true) ON CONFLICT DO NOTHING;
INSERT INTO public.bird (species_id, feather_type, nesting_behaviour, migratory) VALUES ('4c2daddd-afc0-4984-a13a-91903830b19a', 'Feathers', 'Nests in trees', false) ON CONFLICT DO NOTHING;

INSERT INTO public.mammal (species_id, gestation_period, fur_type) VALUES ('0c8bb3cd-b9a1-44d8-b5f5-e3f0aef3fcd0', 3.50, 'Fur') ON CONFLICT DO NOTHING;
INSERT INTO public.mammal (species_id, gestation_period, fur_type) VALUES ('41d3a020-e970-439d-86fa-2af07f249961', 22.00, 'Skin') ON CONFLICT DO NOTHING;
INSERT INTO public.mammal (species_id, gestation_period, fur_type) VALUES ('4dace4c4-e764-438c-993d-5a6581282e47', 13.00, 'Fur') ON CONFLICT DO NOTHING;
INSERT INTO public.mammal (species_id, gestation_period, fur_type) VALUES ('5c63ef8c-5d34-43d7-b4cb-aa5c9f1f174e', 12.00, 'Skin') ON CONFLICT DO NOTHING;

INSERT INTO public.concession_product (concession_id, product_id) VALUES ('42d383d2-8291-4e36-8d18-5631b0c11a28', '0f80a8e9-5f3e-4d89-a994-59832c109c8b') ON CONFLICT DO NOTHING;
INSERT INTO public.concession_product (concession_id, product_id) VALUES ('42d383d2-8291-4e36-8d18-5631b0c11a28', 'd66b8a13-cb6d-4dba-854e-9a8428541515') ON CONFLICT DO NOTHING;
INSERT INTO public.concession_product (concession_id, product_id) VALUES ('42d383d2-8291-4e36-8d18-5631b0c11a28', 'cea62231-1c4e-42b4-87c2-7287a633d242') ON CONFLICT DO NOTHING;
INSERT INTO public.concession_product (concession_id, product_id) VALUES ('42d383d2-8291-4e36-8d18-5631b0c11a28', 'aede0449-96c6-4633-b0b1-235659d42f44') ON CONFLICT DO NOTHING;
INSERT INTO public.concession_product (concession_id, product_id) VALUES ('42d383d2-8291-4e36-8d18-5631b0c11a28', '0259b93e-8877-403b-bc3f-7935b9e79cb1') ON CONFLICT DO NOTHING;
INSERT INTO public.concession_product (concession_id, product_id) VALUES ('c573663a-939d-4179-a936-3aaf444ad247', '8d58d67e-04f4-41a3-aff9-2374d8152e75') ON CONFLICT DO NOTHING;
INSERT INTO public.concession_product (concession_id, product_id) VALUES ('c573663a-939d-4179-a936-3aaf444ad247', 'ed7ab2df-c74f-4323-8424-55b22fdb4402') ON CONFLICT DO NOTHING;
INSERT INTO public.concession_product (concession_id, product_id) VALUES ('c573663a-939d-4179-a936-3aaf444ad247', 'cceecc2f-ef36-4174-8311-98b95e51da7d') ON CONFLICT DO NOTHING;
INSERT INTO public.concession_product (concession_id, product_id) VALUES ('c573663a-939d-4179-a936-3aaf444ad247', 'aaef3b05-0228-4cfc-bf7f-6e72bcfd8817') ON CONFLICT DO NOTHING;
INSERT INTO public.concession_product (concession_id, product_id) VALUES ('c573663a-939d-4179-a936-3aaf444ad247', '50f1c861-3cfc-4f60-b175-b55909d6a315') ON CONFLICT DO NOTHING;
INSERT INTO public.concession_product (concession_id, product_id) VALUES ('36b35f5a-7fd8-4c71-9a95-22e87073a027', '4f69b474-0785-4afb-8195-6b2e6f4c2677') ON CONFLICT DO NOTHING;
INSERT INTO public.concession_product (concession_id, product_id) VALUES ('36b35f5a-7fd8-4c71-9a95-22e87073a027', 'd034aa49-cd1c-4227-830b-e90ecace807b') ON CONFLICT DO NOTHING;
INSERT INTO public.concession_product (concession_id, product_id) VALUES ('36b35f5a-7fd8-4c71-9a95-22e87073a027', '6c4080d1-5146-4436-8bf5-b6c38f98960f') ON CONFLICT DO NOTHING;
INSERT INTO public.concession_product (concession_id, product_id) VALUES ('36b35f5a-7fd8-4c71-9a95-22e87073a027', '35a46953-fa9c-4f2f-88b0-79016213e0cb') ON CONFLICT DO NOTHING;
INSERT INTO public.concession_product (concession_id, product_id) VALUES ('36b35f5a-7fd8-4c71-9a95-22e87073a027', 'd8314b66-8abb-415b-89fd-fe69487cbf84') ON CONFLICT DO NOTHING;
INSERT INTO public.concession_product (concession_id, product_id) VALUES ('0848e4a2-d75c-4bb8-a060-33e9e735b82f', 'd4f87e77-c25e-4d84-b5f0-72aab1502940') ON CONFLICT DO NOTHING;
INSERT INTO public.concession_product (concession_id, product_id) VALUES ('0848e4a2-d75c-4bb8-a060-33e9e735b82f', '95e643a6-dd18-4520-a22c-b7ceab581f58') ON CONFLICT DO NOTHING;
INSERT INTO public.concession_product (concession_id, product_id) VALUES ('0848e4a2-d75c-4bb8-a060-33e9e735b82f', 'f81aa67c-a9cc-41d2-b20e-8902855af56d') ON CONFLICT DO NOTHING;
INSERT INTO public.concession_product (concession_id, product_id) VALUES ('0848e4a2-d75c-4bb8-a060-33e9e735b82f', '8651f376-6e1e-422f-9f63-64bca7a52a9c') ON CONFLICT DO NOTHING;
INSERT INTO public.concession_product (concession_id, product_id) VALUES ('0848e4a2-d75c-4bb8-a060-33e9e735b82f', '7a3ec3cc-ef77-4cad-bd9a-a4836e7b73c2') ON CONFLICT DO NOTHING;
INSERT INTO public.concession_product (concession_id, product_id) VALUES ('dc6f1cca-4303-4447-949d-fe33499c5dd0', 'cc2fe147-fc75-41dc-9935-a5ed32c9c92a') ON CONFLICT DO NOTHING;
INSERT INTO public.concession_product (concession_id, product_id) VALUES ('dc6f1cca-4303-4447-949d-fe33499c5dd0', '8cabd299-0e69-479d-8ebb-5f37d72d9f70') ON CONFLICT DO NOTHING;
INSERT INTO public.concession_product (concession_id, product_id) VALUES ('dc6f1cca-4303-4447-949d-fe33499c5dd0', '2a41279f-690b-4df3-ba57-020b4c5d8e65') ON CONFLICT DO NOTHING;
INSERT INTO public.concession_product (concession_id, product_id) VALUES ('dc6f1cca-4303-4447-949d-fe33499c5dd0', '1099084d-8854-425f-83a2-901143e402cc') ON CONFLICT DO NOTHING;
INSERT INTO public.concession_product (concession_id, product_id) VALUES ('dc6f1cca-4303-4447-949d-fe33499c5dd0', 'f4ee09b2-31a1-4eaf-9cc4-dd2fe243a65a') ON CONFLICT DO NOTHING;
INSERT INTO public.concession_product (concession_id, product_id) VALUES ('2c44551e-3515-4cb9-9fbb-0f6dbc73f289', 'a836720a-407b-4871-81dd-3db806503707') ON CONFLICT DO NOTHING;
INSERT INTO public.concession_product (concession_id, product_id) VALUES ('2c44551e-3515-4cb9-9fbb-0f6dbc73f289', 'fd8750bf-035f-437b-9cc3-7787308fafb8') ON CONFLICT DO NOTHING;
INSERT INTO public.concession_product (concession_id, product_id) VALUES ('2c44551e-3515-4cb9-9fbb-0f6dbc73f289', 'c764bbae-86c7-4935-a63b-eb228c4d5f19') ON CONFLICT DO NOTHING;
INSERT INTO public.concession_product (concession_id, product_id) VALUES ('2c44551e-3515-4cb9-9fbb-0f6dbc73f289', '852f73bb-f47f-4563-b340-60bd5b781f99') ON CONFLICT DO NOTHING;
INSERT INTO public.concession_product (concession_id, product_id) VALUES ('d0ee6503-145c-4d9d-bbce-40f7488ada02', 'feda9325-6b33-451d-b7a2-002f93753cd2') ON CONFLICT DO NOTHING;
INSERT INTO public.concession_product (concession_id, product_id) VALUES ('f21fef85-2743-4431-a990-764ece6ce749', 'a3b5883f-7447-4ee2-a317-8088695606aa') ON CONFLICT DO NOTHING;
INSERT INTO public.concession_product (concession_id, product_id) VALUES ('e23dfdbe-99b5-4dc0-9bf1-b34bb5ae0a08', '7d408ba3-8f64-4fb3-b6e1-44347aa712c6') ON CONFLICT DO NOTHING;
INSERT INTO public.concession_product (concession_id, product_id) VALUES ('2c44551e-3515-4cb9-9fbb-0f6dbc73f289', '9e1ccc52-68a7-444a-8473-567f2ed43489') ON CONFLICT DO NOTHING;
INSERT INTO public.concession_product (concession_id, product_id) VALUES ('d0ee6503-145c-4d9d-bbce-40f7488ada02', 'f6dccabe-ea1b-4457-b340-38d904a78d82') ON CONFLICT DO NOTHING;
INSERT INTO public.concession_product (concession_id, product_id) VALUES ('f21fef85-2743-4431-a990-764ece6ce749', 'a6ebc285-54aa-4e11-b6b9-99fbb7f91045') ON CONFLICT DO NOTHING;
INSERT INTO public.concession_product (concession_id, product_id) VALUES ('d0ee6503-145c-4d9d-bbce-40f7488ada02', '87524cc3-88cb-4eb1-b6eb-a93d20a3e916') ON CONFLICT DO NOTHING;
INSERT INTO public.concession_product (concession_id, product_id) VALUES ('34d1040a-020b-4ec3-9ae9-c5dc8745b5a4', 'f5d78862-3019-409f-a3e0-a2c5716afa7e') ON CONFLICT DO NOTHING;
INSERT INTO public.concession_product (concession_id, product_id) VALUES ('f21fef85-2743-4431-a990-764ece6ce749', '7e263677-d87d-4a8d-a047-058d4685fa6e') ON CONFLICT DO NOTHING;
INSERT INTO public.concession_product (concession_id, product_id) VALUES ('e23dfdbe-99b5-4dc0-9bf1-b34bb5ae0a08', 'd9696c54-1ea3-4c15-a0f2-4b7ad5678216') ON CONFLICT DO NOTHING;
INSERT INTO public.concession_product (concession_id, product_id) VALUES ('f21fef85-2743-4431-a990-764ece6ce749', '35a363b8-24bd-4954-b350-3e3ad91f9e5d') ON CONFLICT DO NOTHING;
INSERT INTO public.concession_product (concession_id, product_id) VALUES ('e23dfdbe-99b5-4dc0-9bf1-b34bb5ae0a08', 'b4f83a56-b985-4b33-aad4-6872b6a615e1') ON CONFLICT DO NOTHING;
INSERT INTO public.concession_product (concession_id, product_id) VALUES ('f21fef85-2743-4431-a990-764ece6ce749', '252c53cd-212d-4cd8-8ee3-3383880225aa') ON CONFLICT DO NOTHING;
INSERT INTO public.concession_product (concession_id, product_id) VALUES ('d0ee6503-145c-4d9d-bbce-40f7488ada02', '3d5e5f3e-2107-4144-810d-fdf6159d0a67') ON CONFLICT DO NOTHING;
INSERT INTO public.concession_product (concession_id, product_id) VALUES ('34d1040a-020b-4ec3-9ae9-c5dc8745b5a4', '29586e24-a8d6-4597-b51d-87016190f226') ON CONFLICT DO NOTHING;
INSERT INTO public.concession_product (concession_id, product_id) VALUES ('34d1040a-020b-4ec3-9ae9-c5dc8745b5a4', '4efbba8e-ecd5-4d7a-b348-03a8f5e294c5') ON CONFLICT DO NOTHING;
INSERT INTO public.concession_product (concession_id, product_id) VALUES ('34d1040a-020b-4ec3-9ae9-c5dc8745b5a4', 'd74bd715-eb6b-4050-80ff-eca5a69dace5') ON CONFLICT DO NOTHING;
INSERT INTO public.concession_product (concession_id, product_id) VALUES ('34d1040a-020b-4ec3-9ae9-c5dc8745b5a4', 'caebe1bf-fe3d-49d4-8dc8-482773de8489') ON CONFLICT DO NOTHING;
INSERT INTO public.concession_product (concession_id, product_id) VALUES ('e23dfdbe-99b5-4dc0-9bf1-b34bb5ae0a08', '1806764e-1ef9-45a8-84c8-cdc6c6c657bc') ON CONFLICT DO NOTHING;
INSERT INTO public.concession_product (concession_id, product_id) VALUES ('d0ee6503-145c-4d9d-bbce-40f7488ada02', '0fa65cc4-a361-4637-9a92-90c3c0f15ad1') ON CONFLICT DO NOTHING;
INSERT INTO public.concession_product (concession_id, product_id) VALUES ('e23dfdbe-99b5-4dc0-9bf1-b34bb5ae0a08', '40e96e09-5fe7-4908-91c0-aa9d64a3fc35') ON CONFLICT DO NOTHING;

INSERT INTO public.customer_service (employee_id, concession_id) VALUES ('edca5e43-e5a0-4018-820f-499b4eb8776e', '42d383d2-8291-4e36-8d18-5631b0c11a28') ON CONFLICT DO NOTHING;
INSERT INTO public.customer_service (employee_id, concession_id) VALUES ('983f6134-3963-4f87-9b92-e001c0ab7e7c', 'c573663a-939d-4179-a936-3aaf444ad247') ON CONFLICT DO NOTHING;
INSERT INTO public.customer_service (employee_id, concession_id) VALUES ('f0eb8a44-3565-4bc5-9ac8-40ed1def9d66', '36b35f5a-7fd8-4c71-9a95-22e87073a027') ON CONFLICT DO NOTHING;
INSERT INTO public.customer_service (employee_id, concession_id) VALUES ('b98cd378-e7b8-44b3-8273-4f5dfb666b2c', '34d1040a-020b-4ec3-9ae9-c5dc8745b5a4') ON CONFLICT DO NOTHING;
INSERT INTO public.customer_service (employee_id, concession_id) VALUES ('3cff2566-433a-4d84-a1a7-8719de1d454f', 'e23dfdbe-99b5-4dc0-9bf1-b34bb5ae0a08') ON CONFLICT DO NOTHING;

INSERT INTO public.maintenance (employee_id, specialization) VALUES ('f57ee9b5-decc-4008-9a23-0e270f63923c', 'Electrical') ON CONFLICT DO NOTHING;
INSERT INTO public.maintenance (employee_id, specialization) VALUES ('5dba9721-9e03-443c-81fa-8f699e0712af', 'Plumbing') ON CONFLICT DO NOTHING;
INSERT INTO public.maintenance (employee_id, specialization) VALUES ('75e1057f-8b52-4cb5-b2da-34685ec1c596', 'HVAC') ON CONFLICT DO NOTHING;
INSERT INTO public.maintenance (employee_id, specialization) VALUES ('d7f36df7-1b2f-4ba0-b98d-7709c7462689', 'Carpentry') ON CONFLICT DO NOTHING;
INSERT INTO public.maintenance (employee_id, specialization) VALUES ('23846dc1-c20d-4c3e-b005-899cd951d651', 'Painting') ON CONFLICT DO NOTHING;

INSERT INTO public.ticket_seller (employee_id, shift) VALUES ('a70a9aaf-cf62-4cde-a031-28756741959a', 'Day') ON CONFLICT DO NOTHING;
INSERT INTO public.ticket_seller (employee_id, shift) VALUES ('2213f87c-b146-4a8d-809f-0d652b36327b', 'Morning') ON CONFLICT DO NOTHING;
INSERT INTO public.ticket_seller (employee_id, shift) VALUES ('e2ebee45-e567-447c-a37f-e95f02cdb7ab', 'Morning') ON CONFLICT DO NOTHING;
INSERT INTO public.ticket_seller (employee_id, shift) VALUES ('f7dea5f9-7fb9-4d60-a100-ea267c1341f3', 'Afternoon') ON CONFLICT DO NOTHING;
INSERT INTO public.ticket_seller (employee_id, shift) VALUES ('c630b08b-920a-4a44-be78-a591ade860c2', 'Afternoon') ON CONFLICT DO NOTHING;

INSERT INTO public.transaction (transaction_id, employee_id, time_stamp, unit_price, ncount, transaction_type) VALUES ('b232a676-bf87-4b83-bd14-d82f3ec02767', '2213f87c-b146-4a8d-809f-0d652b36327b', '2023-12-09 16:57:06', 15.00, 65, 'Attraction') ON CONFLICT DO NOTHING;
INSERT INTO public.transaction (transaction_id, employee_id, time_stamp, unit_price, ncount, transaction_type) VALUES ('78d73970-8e1d-4d8d-bd44-5e8b22d7128c', '2213f87c-b146-4a8d-809f-0d652b36327b', '2023-12-10 10:31:53', 30.00, 59, 'Attraction') ON CONFLICT DO NOTHING;
INSERT INTO public.transaction (transaction_id, employee_id, time_stamp, unit_price, ncount, transaction_type) VALUES ('1089d49a-e15b-4d54-8e96-575936bca331', '2213f87c-b146-4a8d-809f-0d652b36327b', '2023-12-10 10:40:35.03', 20.00, 97, 'Attraction') ON CONFLICT DO NOTHING;
INSERT INTO public.transaction (transaction_id, employee_id, time_stamp, unit_price, ncount, transaction_type) VALUES ('c3752e53-576b-455d-b62d-f9d902298a56', '2213f87c-b146-4a8d-809f-0d652b36327b', '2023-12-08 17:01:49', 15.00, 6, 'Attraction') ON CONFLICT DO NOTHING;
INSERT INTO public.transaction (transaction_id, employee_id, time_stamp, unit_price, ncount, transaction_type) VALUES ('f8ff2024-448c-4a4f-9722-3983b7a84b18', '2213f87c-b146-4a8d-809f-0d652b36327b', '2023-12-08 12:19:37', 30.00, 90, 'Attraction') ON CONFLICT DO NOTHING;
INSERT INTO public.transaction (transaction_id, employee_id, time_stamp, unit_price, ncount, transaction_type) VALUES ('6efe686d-9d56-4bd8-8b1b-25066f0d8942', '2213f87c-b146-4a8d-809f-0d652b36327b', '2023-12-08 22:19:37', 20.00, 14, 'Attraction') ON CONFLICT DO NOTHING;
INSERT INTO public.transaction (transaction_id, employee_id, time_stamp, unit_price, ncount, transaction_type) VALUES ('c1e85a98-8ce1-4324-8a69-8e0afe1eb288', '2213f87c-b146-4a8d-809f-0d652b36327b', '2023-12-10 10:35:35.12', 15.00, 50, 'Attraction') ON CONFLICT DO NOTHING;
INSERT INTO public.transaction (transaction_id, employee_id, time_stamp, unit_price, ncount, transaction_type) VALUES ('553a3521-756f-44c7-a642-5722a18877a3', '2213f87c-b146-4a8d-809f-0d652b36327b', '2023-12-09 18:57:06', 30.00, 84, 'Attraction') ON CONFLICT DO NOTHING;
INSERT INTO public.transaction (transaction_id, employee_id, time_stamp, unit_price, ncount, transaction_type) VALUES ('672d11cc-04ab-4bc3-a4d7-18e5fc3bee76', '262da5c9-4ee9-4cb2-9d6e-0025e98941e8', '2023-12-10 15:41:53.001461', 30.00, 5, 'Attraction') ON CONFLICT DO NOTHING;
INSERT INTO public.transaction (transaction_id, employee_id, time_stamp, unit_price, ncount, transaction_type) VALUES ('3ac3f356-4741-4866-b7a1-1c20f55ea453', '262da5c9-4ee9-4cb2-9d6e-0025e98941e8', '2023-12-10 15:42:40.863223', 35.00, 9, 'Attraction') ON CONFLICT DO NOTHING;
INSERT INTO public.transaction (transaction_id, employee_id, time_stamp, unit_price, ncount, transaction_type) VALUES ('f0ebe193-2dda-48d5-9f99-3836d4436856', '262da5c9-4ee9-4cb2-9d6e-0025e98941e8', '2023-12-10 15:46:50.856836', 35.00, 3, 'Attraction') ON CONFLICT DO NOTHING;
INSERT INTO public.transaction (transaction_id, employee_id, time_stamp, unit_price, ncount, transaction_type) VALUES ('9e886e4d-9b45-4735-b1c6-dfa8f137572e', '262da5c9-4ee9-4cb2-9d6e-0025e98941e8', '2023-12-10 15:46:50.933692', 25.00, 3, 'Attraction') ON CONFLICT DO NOTHING;
INSERT INTO public.transaction (transaction_id, employee_id, time_stamp, unit_price, ncount, transaction_type) VALUES ('27f65e53-4cbe-4b31-86df-23bec319146f', '262da5c9-4ee9-4cb2-9d6e-0025e98941e8', '2023-12-10 15:46:51.018721', 15.00, 3, 'Attraction') ON CONFLICT DO NOTHING;
INSERT INTO public.transaction (transaction_id, employee_id, time_stamp, unit_price, ncount, transaction_type) VALUES ('0b0e6237-07dc-438d-aa9b-a489c5ed8600', '262da5c9-4ee9-4cb2-9d6e-0025e98941e8', '2023-12-10 15:47:10.836649', 30.00, 9, 'Attraction') ON CONFLICT DO NOTHING;
INSERT INTO public.transaction (transaction_id, employee_id, time_stamp, unit_price, ncount, transaction_type) VALUES ('3cc1985b-b2da-4452-aa5f-de1f47115a43', '262da5c9-4ee9-4cb2-9d6e-0025e98941e8', '2023-12-10 15:47:10.912953', 20.00, 8, 'Attraction') ON CONFLICT DO NOTHING;
INSERT INTO public.transaction (transaction_id, employee_id, time_stamp, unit_price, ncount, transaction_type) VALUES ('cded3bc4-e3fd-40fd-9497-5e6f6382fbc6', '262da5c9-4ee9-4cb2-9d6e-0025e98941e8', '2023-12-10 15:47:10.991268', 15.00, 7, 'Attraction') ON CONFLICT DO NOTHING;
INSERT INTO public.transaction (transaction_id, employee_id, time_stamp, unit_price, ncount, transaction_type) VALUES ('d0ec5a71-2862-4035-a239-d109670398ee', '262da5c9-4ee9-4cb2-9d6e-0025e98941e8', '2023-12-10 17:42:56.065907', 2.50, 1, 'Concession') ON CONFLICT DO NOTHING;
INSERT INTO public.transaction (transaction_id, employee_id, time_stamp, unit_price, ncount, transaction_type) VALUES ('32b0f416-783e-4f61-8e2a-1d30f8c77683', '262da5c9-4ee9-4cb2-9d6e-0025e98941e8', '2023-12-10 17:52:18.20669', 5.00, 1, 'Concession') ON CONFLICT DO NOTHING;
INSERT INTO public.transaction (transaction_id, employee_id, time_stamp, unit_price, ncount, transaction_type) VALUES ('5981e1be-ef59-4139-acf4-724ce30871ce', '262da5c9-4ee9-4cb2-9d6e-0025e98941e8', '2023-12-10 17:53:32.596436', 4.50, 1, 'Concession') ON CONFLICT DO NOTHING;
INSERT INTO public.transaction (transaction_id, employee_id, time_stamp, unit_price, ncount, transaction_type) VALUES ('45213e10-f86d-418a-9fc0-848969e3ddda', '262da5c9-4ee9-4cb2-9d6e-0025e98941e8', '2023-12-10 18:56:17.46187', 30.00, 10, 'Attraction') ON CONFLICT DO NOTHING;
INSERT INTO public.transaction (transaction_id, employee_id, time_stamp, unit_price, ncount, transaction_type) VALUES ('d7ed8cf1-043b-4a05-aa82-9c396b205583', '262da5c9-4ee9-4cb2-9d6e-0025e98941e8', '2023-12-10 19:19:02.385085', 30.00, 10, 'Attraction') ON CONFLICT DO NOTHING;
INSERT INTO public.transaction (transaction_id, employee_id, time_stamp, unit_price, ncount, transaction_type) VALUES ('53563eff-9600-4361-9735-0c345881ed5e', '262da5c9-4ee9-4cb2-9d6e-0025e98941e8', '2023-12-10 19:19:02.568903', 20.00, 10, 'Attraction') ON CONFLICT DO NOTHING;
INSERT INTO public.transaction (transaction_id, employee_id, time_stamp, unit_price, ncount, transaction_type) VALUES ('284e468c-de1d-47a7-8cc4-09a0c0ad27a8', '262da5c9-4ee9-4cb2-9d6e-0025e98941e8', '2023-12-10 19:19:02.650558', 15.00, 10, 'Attraction') ON CONFLICT DO NOTHING;
INSERT INTO public.transaction (transaction_id, employee_id, time_stamp, unit_price, ncount, transaction_type) VALUES ('eb43f071-bce5-410a-83ba-f5ba9e1a2aa6', '262da5c9-4ee9-4cb2-9d6e-0025e98941e8', '2023-12-10 19:22:22.810244', 25.00, 100, 'Attraction') ON CONFLICT DO NOTHING;
INSERT INTO public.transaction (transaction_id, employee_id, time_stamp, unit_price, ncount, transaction_type) VALUES ('88840963-9d18-4a91-bc69-4bc88d9b5d19', '262da5c9-4ee9-4cb2-9d6e-0025e98941e8', '2023-12-10 19:22:22.883385', 15.00, 1, 'Attraction') ON CONFLICT DO NOTHING;
INSERT INTO public.transaction (transaction_id, employee_id, time_stamp, unit_price, ncount, transaction_type) VALUES ('a4ad26f8-cb92-477e-81f9-a94896bfaebc', '262da5c9-4ee9-4cb2-9d6e-0025e98941e8', '2023-12-10 19:22:22.963372', 10.00, 1, 'Attraction') ON CONFLICT DO NOTHING;
INSERT INTO public.transaction (transaction_id, employee_id, time_stamp, unit_price, ncount, transaction_type) VALUES ('3accc4a2-3124-4bda-b901-5fbfec42ab1b', '2213f87c-b146-4a8d-809f-0d652b36327b', '2023-12-09 07:51:12', 20.00, 98, 'Attraction') ON CONFLICT DO NOTHING;
INSERT INTO public.transaction (transaction_id, employee_id, time_stamp, unit_price, ncount, transaction_type) VALUES ('ad26e36b-65d5-4451-b5d6-f955d27a1b61', '2213f87c-b146-4a8d-809f-0d652b36327b', '2023-12-09 08:57:06', 20.00, 16, 'Attraction') ON CONFLICT DO NOTHING;
INSERT INTO public.transaction (transaction_id, employee_id, time_stamp, unit_price, ncount, transaction_type) VALUES ('c3012e97-3095-4ec8-a53c-79d563aeba7b', '2213f87c-b146-4a8d-809f-0d652b36327b', '2023-12-09 16:47:06', 15.00, 66, 'Attraction') ON CONFLICT DO NOTHING;
INSERT INTO public.transaction (transaction_id, employee_id, time_stamp, unit_price, ncount, transaction_type) VALUES ('efeaed5e-7d59-45ca-b3dd-a4a0644555d8', '2213f87c-b146-4a8d-809f-0d652b36327b', '2023-12-10 10:30:53', 30.00, 49, 'Attraction') ON CONFLICT DO NOTHING;
INSERT INTO public.transaction (transaction_id, employee_id, time_stamp, unit_price, ncount, transaction_type) VALUES ('2fd5cd4f-5f33-497a-af35-99f08a00edf6', '2213f87c-b146-4a8d-809f-0d652b36327b', '2023-12-10 10:40:25.03', 20.00, 96, 'Attraction') ON CONFLICT DO NOTHING;
INSERT INTO public.transaction (transaction_id, employee_id, time_stamp, unit_price, ncount, transaction_type) VALUES ('78d1f070-8610-4e3b-b61f-ef04da5a060a', '2213f87c-b146-4a8d-809f-0d652b36327b', '2023-12-08 17:11:49', 15.00, 60, 'Attraction') ON CONFLICT DO NOTHING;
INSERT INTO public.transaction (transaction_id, employee_id, time_stamp, unit_price, ncount, transaction_type) VALUES ('d2262a67-3c00-43e6-a9b1-f0bc39445f4d', '2213f87c-b146-4a8d-809f-0d652b36327b', '2023-12-08 12:29:37', 30.00, 80, 'Attraction') ON CONFLICT DO NOTHING;
INSERT INTO public.transaction (transaction_id, employee_id, time_stamp, unit_price, ncount, transaction_type) VALUES ('00b35851-7d51-46f0-9cee-897bbf6e2f62', '2213f87c-b146-4a8d-809f-0d652b36327b', '2023-12-08 22:39:37', 20.00, 17, 'Attraction') ON CONFLICT DO NOTHING;
INSERT INTO public.transaction (transaction_id, employee_id, time_stamp, unit_price, ncount, transaction_type) VALUES ('c6d554a3-527e-433d-8e18-6271ae936419', '2213f87c-b146-4a8d-809f-0d652b36327b', '2023-12-10 10:37:35.12', 15.00, 51, 'Attraction') ON CONFLICT DO NOTHING;
INSERT INTO public.transaction (transaction_id, employee_id, time_stamp, unit_price, ncount, transaction_type) VALUES ('570baf54-561e-41c4-9ab8-f7af9a94e362', '2213f87c-b146-4a8d-809f-0d652b36327b', '2023-12-09 18:47:06', 30.00, 94, 'Attraction') ON CONFLICT DO NOTHING;
INSERT INTO public.transaction (transaction_id, employee_id, time_stamp, unit_price, ncount, transaction_type) VALUES ('ac554952-8709-4e51-95f3-67b2edefbc48', '2213f87c-b146-4a8d-809f-0d652b36327b', '2023-12-09 07:50:12', 20.00, 96, 'Attraction') ON CONFLICT DO NOTHING;
INSERT INTO public.transaction (transaction_id, employee_id, time_stamp, unit_price, ncount, transaction_type) VALUES ('7a103ae8-9da4-489b-83a1-b48fad0a4f54', '2213f87c-b146-4a8d-809f-0d652b36327b', '2023-12-09 08:53:06', 20.00, 26, 'Attraction') ON CONFLICT DO NOTHING;
INSERT INTO public.transaction (transaction_id, employee_id, time_stamp, unit_price, ncount, transaction_type) VALUES ('6ce0d150-eb6e-408b-a337-e0c6f6ca4bd1', 'e2ebee45-e567-447c-a37f-e95f02cdb7ab', '2023-12-09 15:47:06', 10.00, 88, 'Attraction') ON CONFLICT DO NOTHING;
INSERT INTO public.transaction (transaction_id, employee_id, time_stamp, unit_price, ncount, transaction_type) VALUES ('96fe9d7f-2992-4c37-abc2-b2046af3d3a2', 'e2ebee45-e567-447c-a37f-e95f02cdb7ab', '2023-12-10 11:30:53', 25.00, 99, 'Attraction') ON CONFLICT DO NOTHING;
INSERT INTO public.transaction (transaction_id, employee_id, time_stamp, unit_price, ncount, transaction_type) VALUES ('457300bd-b381-4a67-bb23-e1cb03c59ecb', 'e2ebee45-e567-447c-a37f-e95f02cdb7ab', '2023-12-10 15:40:25.03', 15.00, 93, 'Attraction') ON CONFLICT DO NOTHING;
INSERT INTO public.transaction (transaction_id, employee_id, time_stamp, unit_price, ncount, transaction_type) VALUES ('fafaad9e-983c-4728-bad7-f4e69abcd454', 'e2ebee45-e567-447c-a37f-e95f02cdb7ab', '2023-12-08 18:11:49', 10.00, 50, 'Attraction') ON CONFLICT DO NOTHING;
INSERT INTO public.transaction (transaction_id, employee_id, time_stamp, unit_price, ncount, transaction_type) VALUES ('cf112a20-7905-46ca-b6af-65906f449b96', 'e2ebee45-e567-447c-a37f-e95f02cdb7ab', '2023-12-08 14:29:37', 25.00, 83, 'Attraction') ON CONFLICT DO NOTHING;
INSERT INTO public.transaction (transaction_id, employee_id, time_stamp, unit_price, ncount, transaction_type) VALUES ('1ea7bf50-30ca-47e0-a9f0-4dd7537b3050', 'e2ebee45-e567-447c-a37f-e95f02cdb7ab', '2023-12-08 02:39:37', 15.00, 47, 'Attraction') ON CONFLICT DO NOTHING;
INSERT INTO public.transaction (transaction_id, employee_id, time_stamp, unit_price, ncount, transaction_type) VALUES ('2a8fb96f-c517-48eb-82bf-d7efea053df5', 'e2ebee45-e567-447c-a37f-e95f02cdb7ab', '2023-12-10 18:37:35.12', 10.00, 61, 'Attraction') ON CONFLICT DO NOTHING;
INSERT INTO public.transaction (transaction_id, employee_id, time_stamp, unit_price, ncount, transaction_type) VALUES ('fb7c2065-0ecf-4397-82db-d07d8233195a', 'e2ebee45-e567-447c-a37f-e95f02cdb7ab', '2023-12-09 16:47:06', 25.00, 74, 'Attraction') ON CONFLICT DO NOTHING;
INSERT INTO public.transaction (transaction_id, employee_id, time_stamp, unit_price, ncount, transaction_type) VALUES ('7bba2aa4-5903-48e2-9b56-912859982d76', 'e2ebee45-e567-447c-a37f-e95f02cdb7ab', '2023-12-09 09:50:12', 15.00, 95, 'Attraction') ON CONFLICT DO NOTHING;
INSERT INTO public.transaction (transaction_id, employee_id, time_stamp, unit_price, ncount, transaction_type) VALUES ('411d1a9b-21e3-4c04-84c4-f4963cc34fd2', 'e2ebee45-e567-447c-a37f-e95f02cdb7ab', '2023-12-09 10:53:06', 15.00, 54, 'Attraction') ON CONFLICT DO NOTHING;
INSERT INTO public.transaction (transaction_id, employee_id, time_stamp, unit_price, ncount, transaction_type) VALUES ('985b2bde-0377-4392-a170-08c04be04e17', 'f7dea5f9-7fb9-4d60-a100-ea267c1341f3', '2023-12-09 15:53:06', 20.00, 98, 'Attraction') ON CONFLICT DO NOTHING;
INSERT INTO public.transaction (transaction_id, employee_id, time_stamp, unit_price, ncount, transaction_type) VALUES ('104f344d-66c2-47ea-9715-3195107df265', 'f7dea5f9-7fb9-4d60-a100-ea267c1341f3', '2023-12-10 11:21:53', 40.00, 75, 'Attraction') ON CONFLICT DO NOTHING;
INSERT INTO public.transaction (transaction_id, employee_id, time_stamp, unit_price, ncount, transaction_type) VALUES ('37307e16-0d2a-418d-ada3-c34a3d7fb6b2', 'f7dea5f9-7fb9-4d60-a100-ea267c1341f3', '2023-12-10 15:30:25.03', 30.00, 43, 'Attraction') ON CONFLICT DO NOTHING;
INSERT INTO public.transaction (transaction_id, employee_id, time_stamp, unit_price, ncount, transaction_type) VALUES ('7e7e7525-5a10-4fcd-8b65-6d5dfec7997a', 'f7dea5f9-7fb9-4d60-a100-ea267c1341f3', '2023-12-08 18:15:49', 20.00, 59, 'Attraction') ON CONFLICT DO NOTHING;
INSERT INTO public.transaction (transaction_id, employee_id, time_stamp, unit_price, ncount, transaction_type) VALUES ('32a7dbf0-c36e-4bfe-8a16-d8f1fbc5ec10', 'f7dea5f9-7fb9-4d60-a100-ea267c1341f3', '2023-12-08 14:45:37', 40.00, 82, 'Attraction') ON CONFLICT DO NOTHING;
INSERT INTO public.transaction (transaction_id, employee_id, time_stamp, unit_price, ncount, transaction_type) VALUES ('a142fe5c-e11a-462a-9388-3f689233e234', 'f7dea5f9-7fb9-4d60-a100-ea267c1341f3', '2023-12-08 02:56:37', 30.00, 67, 'Attraction') ON CONFLICT DO NOTHING;
INSERT INTO public.transaction (transaction_id, employee_id, time_stamp, unit_price, ncount, transaction_type) VALUES ('425bf0bc-cd73-47de-ae3d-44c9e2dd3183', 'f7dea5f9-7fb9-4d60-a100-ea267c1341f3', '2023-12-10 18:24:35.12', 20.00, 34, 'Attraction') ON CONFLICT DO NOTHING;
INSERT INTO public.transaction (transaction_id, employee_id, time_stamp, unit_price, ncount, transaction_type) VALUES ('99bce2b9-6f84-4d7c-99fc-beabd3e74eb7', 'f7dea5f9-7fb9-4d60-a100-ea267c1341f3', '2023-12-09 16:23:06', 40.00, 56, 'Attraction') ON CONFLICT DO NOTHING;
INSERT INTO public.transaction (transaction_id, employee_id, time_stamp, unit_price, ncount, transaction_type) VALUES ('830ea83c-b5f2-4034-ac4a-3cc62fede5fd', 'f7dea5f9-7fb9-4d60-a100-ea267c1341f3', '2023-12-09 09:46:12', 30.00, 15, 'Attraction') ON CONFLICT DO NOTHING;
INSERT INTO public.transaction (transaction_id, employee_id, time_stamp, unit_price, ncount, transaction_type) VALUES ('7d006fbf-ab3e-49fe-98e9-e8d0576e3ba1', 'f7dea5f9-7fb9-4d60-a100-ea267c1341f3', '2023-12-09 10:38:06', 30.00, 32, 'Attraction') ON CONFLICT DO NOTHING;
INSERT INTO public.transaction (transaction_id, employee_id, time_stamp, unit_price, ncount, transaction_type) VALUES ('436e0e12-41c0-4db2-8777-f6f5dece4e13', 'f7dea5f9-7fb9-4d60-a100-ea267c1341f3', '2023-12-09 10:53:06', 15.00, 56, 'Attraction') ON CONFLICT DO NOTHING;
INSERT INTO public.transaction (transaction_id, employee_id, time_stamp, unit_price, ncount, transaction_type) VALUES ('7743ee63-1ac3-4b5e-a621-be7c6a29f96c', 'f7dea5f9-7fb9-4d60-a100-ea267c1341f3', '2023-12-10 13:21:53', 35.00, 89, 'Attraction') ON CONFLICT DO NOTHING;
INSERT INTO public.transaction (transaction_id, employee_id, time_stamp, unit_price, ncount, transaction_type) VALUES ('79742395-9628-4bbb-8ef1-53690803a9bd', 'f7dea5f9-7fb9-4d60-a100-ea267c1341f3', '2023-12-10 18:30:25.03', 25.00, 54, 'Attraction') ON CONFLICT DO NOTHING;
INSERT INTO public.transaction (transaction_id, employee_id, time_stamp, unit_price, ncount, transaction_type) VALUES ('07830766-6a6d-460b-808e-93f7a6df81fc', 'f7dea5f9-7fb9-4d60-a100-ea267c1341f3', '2023-12-08 14:15:49', 15.00, 43, 'Attraction') ON CONFLICT DO NOTHING;
INSERT INTO public.transaction (transaction_id, employee_id, time_stamp, unit_price, ncount, transaction_type) VALUES ('c12f8ec1-2be8-4b5a-8d37-14e1e773494f', 'f7dea5f9-7fb9-4d60-a100-ea267c1341f3', '2023-12-08 15:45:37', 35.00, 75, 'Attraction') ON CONFLICT DO NOTHING;
INSERT INTO public.transaction (transaction_id, employee_id, time_stamp, unit_price, ncount, transaction_type) VALUES ('a7413d91-3c23-44a4-8f2d-e9901cc3460b', 'f7dea5f9-7fb9-4d60-a100-ea267c1341f3', '2023-12-08 05:56:37', 25.00, 45, 'Attraction') ON CONFLICT DO NOTHING;
INSERT INTO public.transaction (transaction_id, employee_id, time_stamp, unit_price, ncount, transaction_type) VALUES ('63cd88b3-0786-4eb6-b56a-d8a932b3e574', 'f7dea5f9-7fb9-4d60-a100-ea267c1341f3', '2023-12-10 14:24:35.12', 15.00, 76, 'Attraction') ON CONFLICT DO NOTHING;
INSERT INTO public.transaction (transaction_id, employee_id, time_stamp, unit_price, ncount, transaction_type) VALUES ('3514fdc7-3639-4bb9-88d9-48fc55171829', 'f7dea5f9-7fb9-4d60-a100-ea267c1341f3', '2023-12-09 17:23:06', 35.00, 98, 'Attraction') ON CONFLICT DO NOTHING;
INSERT INTO public.transaction (transaction_id, employee_id, time_stamp, unit_price, ncount, transaction_type) VALUES ('d8bb0ada-f367-472d-b9b6-bd46bcf44218', 'f7dea5f9-7fb9-4d60-a100-ea267c1341f3', '2023-12-09 07:46:12', 25.00, 49, 'Attraction') ON CONFLICT DO NOTHING;
INSERT INTO public.transaction (transaction_id, employee_id, time_stamp, unit_price, ncount, transaction_type) VALUES ('eade3cd5-0dc8-4da2-9c2f-01742c3d2e46', 'f7dea5f9-7fb9-4d60-a100-ea267c1341f3', '2023-12-09 19:38:06', 25.00, 65, 'Attraction') ON CONFLICT DO NOTHING;
INSERT INTO public.transaction (transaction_id, employee_id, time_stamp, unit_price, ncount, transaction_type) VALUES ('30e221f1-bb83-4be0-baf2-11635d66898e', 'c630b08b-920a-4a44-be78-a591ade860c2', '2023-12-09 10:45:06', 10.00, 560, 'Attraction') ON CONFLICT DO NOTHING;
INSERT INTO public.transaction (transaction_id, employee_id, time_stamp, unit_price, ncount, transaction_type) VALUES ('1ddf6ba0-25d3-446a-bad0-544a45a4d935', 'c630b08b-920a-4a44-be78-a591ade860c2', '2023-12-10 13:23:53', 20.00, 890, 'Attraction') ON CONFLICT DO NOTHING;
INSERT INTO public.transaction (transaction_id, employee_id, time_stamp, unit_price, ncount, transaction_type) VALUES ('9bea8324-6981-47be-8519-6a0a3ac78298', 'c630b08b-920a-4a44-be78-a591ade860c2', '2023-12-10 18:34:25.03', 15.00, 540, 'Attraction') ON CONFLICT DO NOTHING;
INSERT INTO public.transaction (transaction_id, employee_id, time_stamp, unit_price, ncount, transaction_type) VALUES ('1f83e155-5724-4cd7-a5f3-d281c0dc63bc', 'c630b08b-920a-4a44-be78-a591ade860c2', '2023-12-08 14:43:49', 10.00, 430, 'Attraction') ON CONFLICT DO NOTHING;
INSERT INTO public.transaction (transaction_id, employee_id, time_stamp, unit_price, ncount, transaction_type) VALUES ('464a8324-a91f-4dec-b8c3-e1659dd68306', 'c630b08b-920a-4a44-be78-a591ade860c2', '2023-12-08 15:34:37', 20.00, 750, 'Attraction') ON CONFLICT DO NOTHING;
INSERT INTO public.transaction (transaction_id, employee_id, time_stamp, unit_price, ncount, transaction_type) VALUES ('88eba233-fc3f-49d5-a977-25d3485795c5', 'c630b08b-920a-4a44-be78-a591ade860c2', '2023-12-08 05:23:37', 15.00, 450, 'Attraction') ON CONFLICT DO NOTHING;
INSERT INTO public.transaction (transaction_id, employee_id, time_stamp, unit_price, ncount, transaction_type) VALUES ('0406de85-d4d9-4e64-aaba-9c977b768ae1', 'c630b08b-920a-4a44-be78-a591ade860c2', '2023-12-10 14:32:35.12', 10.00, 760, 'Attraction') ON CONFLICT DO NOTHING;
INSERT INTO public.transaction (transaction_id, employee_id, time_stamp, unit_price, ncount, transaction_type) VALUES ('cbee0220-74dc-45b8-8aa6-8478a6daac55', 'c630b08b-920a-4a44-be78-a591ade860c2', '2023-12-09 17:12:06', 20.00, 980, 'Attraction') ON CONFLICT DO NOTHING;
INSERT INTO public.transaction (transaction_id, employee_id, time_stamp, unit_price, ncount, transaction_type) VALUES ('a804e18f-50f2-4613-bbcb-4f811af69b5a', 'c630b08b-920a-4a44-be78-a591ade860c2', '2023-12-09 07:52:12', 15.00, 490, 'Attraction') ON CONFLICT DO NOTHING;
INSERT INTO public.transaction (transaction_id, employee_id, time_stamp, unit_price, ncount, transaction_type) VALUES ('01f6cac3-dbfb-481e-94db-9127bb428294', 'c630b08b-920a-4a44-be78-a591ade860c2', '2023-12-09 19:27:06', 15.00, 650, 'Attraction') ON CONFLICT DO NOTHING;

INSERT INTO public.transaction_attraction (transaction_id, show_id, ticket_id) VALUES ('672d11cc-04ab-4bc3-a4d7-18e5fc3bee76', '5863d5e1-45f4-4054-a19c-c82841aa4040', 'd69c7a0b-ce91-404e-9555-cd6013a41bac') ON CONFLICT DO NOTHING;
INSERT INTO public.transaction_attraction (transaction_id, show_id, ticket_id) VALUES ('3ac3f356-4741-4866-b7a1-1c20f55ea453', 'a75fa3ff-1896-4ff0-8f7e-80b10f45fd6e', '6463e8c8-5c8a-458b-80f5-59ce99cd8ced') ON CONFLICT DO NOTHING;
INSERT INTO public.transaction_attraction (transaction_id, show_id, ticket_id) VALUES ('f0ebe193-2dda-48d5-9f99-3836d4436856', 'a75fa3ff-1896-4ff0-8f7e-80b10f45fd6e', '6463e8c8-5c8a-458b-80f5-59ce99cd8ced') ON CONFLICT DO NOTHING;
INSERT INTO public.transaction_attraction (transaction_id, show_id, ticket_id) VALUES ('9e886e4d-9b45-4735-b1c6-dfa8f137572e', 'a75fa3ff-1896-4ff0-8f7e-80b10f45fd6e', 'db322bf7-387e-498a-bdd0-e1c0767268d9') ON CONFLICT DO NOTHING;
INSERT INTO public.transaction_attraction (transaction_id, show_id, ticket_id) VALUES ('27f65e53-4cbe-4b31-86df-23bec319146f', 'a75fa3ff-1896-4ff0-8f7e-80b10f45fd6e', 'ce233904-09b8-4f79-8ecc-81e28d9ac593') ON CONFLICT DO NOTHING;
INSERT INTO public.transaction_attraction (transaction_id, show_id, ticket_id) VALUES ('0b0e6237-07dc-438d-aa9b-a489c5ed8600', 'c37b6a3d-ded1-4f9f-835a-ddf6bcd76f7f', '96b37d99-eedf-4abe-8f36-7a4ecde16087') ON CONFLICT DO NOTHING;
INSERT INTO public.transaction_attraction (transaction_id, show_id, ticket_id) VALUES ('3cc1985b-b2da-4452-aa5f-de1f47115a43', 'c37b6a3d-ded1-4f9f-835a-ddf6bcd76f7f', 'd75eabea-0c1c-44f5-a235-65347de4a5e9') ON CONFLICT DO NOTHING;
INSERT INTO public.transaction_attraction (transaction_id, show_id, ticket_id) VALUES ('cded3bc4-e3fd-40fd-9497-5e6f6382fbc6', 'c37b6a3d-ded1-4f9f-835a-ddf6bcd76f7f', '2328566f-22df-4cbb-b1d2-afd44b7ff17f') ON CONFLICT DO NOTHING;
INSERT INTO public.transaction_attraction (transaction_id, show_id, ticket_id) VALUES ('b232a676-bf87-4b83-bd14-d82f3ec02767', '5863d5e1-45f4-4054-a19c-c82841aa4040', '0d308d7d-e66f-45e8-9ffa-3e4e60760de5') ON CONFLICT DO NOTHING;
INSERT INTO public.transaction_attraction (transaction_id, show_id, ticket_id) VALUES ('d7ed8cf1-043b-4a05-aa82-9c396b205583', 'c37b6a3d-ded1-4f9f-835a-ddf6bcd76f7f', '96b37d99-eedf-4abe-8f36-7a4ecde16087') ON CONFLICT DO NOTHING;
INSERT INTO public.transaction_attraction (transaction_id, show_id, ticket_id) VALUES ('53563eff-9600-4361-9735-0c345881ed5e', 'c37b6a3d-ded1-4f9f-835a-ddf6bcd76f7f', 'd75eabea-0c1c-44f5-a235-65347de4a5e9') ON CONFLICT DO NOTHING;
INSERT INTO public.transaction_attraction (transaction_id, show_id, ticket_id) VALUES ('284e468c-de1d-47a7-8cc4-09a0c0ad27a8', 'c37b6a3d-ded1-4f9f-835a-ddf6bcd76f7f', '2328566f-22df-4cbb-b1d2-afd44b7ff17f') ON CONFLICT DO NOTHING;
INSERT INTO public.transaction_attraction (transaction_id, show_id, ticket_id) VALUES ('eb43f071-bce5-410a-83ba-f5ba9e1a2aa6', '70a35cdc-4d01-480e-a8cd-1ec215fee9da', '1546cd97-3b17-4d85-b284-57a718a37f3f') ON CONFLICT DO NOTHING;
INSERT INTO public.transaction_attraction (transaction_id, show_id, ticket_id) VALUES ('88840963-9d18-4a91-bc69-4bc88d9b5d19', '70a35cdc-4d01-480e-a8cd-1ec215fee9da', '7650438c-0bec-44ae-8bba-44186848c6f8') ON CONFLICT DO NOTHING;
INSERT INTO public.transaction_attraction (transaction_id, show_id, ticket_id) VALUES ('a4ad26f8-cb92-477e-81f9-a94896bfaebc', '70a35cdc-4d01-480e-a8cd-1ec215fee9da', '23b63bc8-59db-49b2-a522-4e68ef5e3a9c') ON CONFLICT DO NOTHING;
INSERT INTO public.transaction_attraction (transaction_id, show_id, ticket_id) VALUES ('78d73970-8e1d-4d8d-bd44-5e8b22d7128c', '5863d5e1-45f4-4054-a19c-c82841aa4040', 'd69c7a0b-ce91-404e-9555-cd6013a41bac') ON CONFLICT DO NOTHING;
INSERT INTO public.transaction_attraction (transaction_id, show_id, ticket_id) VALUES ('1089d49a-e15b-4d54-8e96-575936bca331', '5863d5e1-45f4-4054-a19c-c82841aa4040', '83334eda-c589-4ef0-a625-8998f78493ff') ON CONFLICT DO NOTHING;
INSERT INTO public.transaction_attraction (transaction_id, show_id, ticket_id) VALUES ('c3752e53-576b-455d-b62d-f9d902298a56', '5863d5e1-45f4-4054-a19c-c82841aa4040', '0d308d7d-e66f-45e8-9ffa-3e4e60760de5') ON CONFLICT DO NOTHING;
INSERT INTO public.transaction_attraction (transaction_id, show_id, ticket_id) VALUES ('f8ff2024-448c-4a4f-9722-3983b7a84b18', '5863d5e1-45f4-4054-a19c-c82841aa4040', 'd69c7a0b-ce91-404e-9555-cd6013a41bac') ON CONFLICT DO NOTHING;
INSERT INTO public.transaction_attraction (transaction_id, show_id, ticket_id) VALUES ('6efe686d-9d56-4bd8-8b1b-25066f0d8942', '5863d5e1-45f4-4054-a19c-c82841aa4040', '83334eda-c589-4ef0-a625-8998f78493ff') ON CONFLICT DO NOTHING;
INSERT INTO public.transaction_attraction (transaction_id, show_id, ticket_id) VALUES ('c1e85a98-8ce1-4324-8a69-8e0afe1eb288', '5863d5e1-45f4-4054-a19c-c82841aa4040', '0d308d7d-e66f-45e8-9ffa-3e4e60760de5') ON CONFLICT DO NOTHING;
INSERT INTO public.transaction_attraction (transaction_id, show_id, ticket_id) VALUES ('553a3521-756f-44c7-a642-5722a18877a3', '5863d5e1-45f4-4054-a19c-c82841aa4040', 'd69c7a0b-ce91-404e-9555-cd6013a41bac') ON CONFLICT DO NOTHING;
INSERT INTO public.transaction_attraction (transaction_id, show_id, ticket_id) VALUES ('3accc4a2-3124-4bda-b901-5fbfec42ab1b', '5863d5e1-45f4-4054-a19c-c82841aa4040', '83334eda-c589-4ef0-a625-8998f78493ff') ON CONFLICT DO NOTHING;
INSERT INTO public.transaction_attraction (transaction_id, show_id, ticket_id) VALUES ('ad26e36b-65d5-4451-b5d6-f955d27a1b61', '5863d5e1-45f4-4054-a19c-c82841aa4040', '83334eda-c589-4ef0-a625-8998f78493ff') ON CONFLICT DO NOTHING;
INSERT INTO public.transaction_attraction (transaction_id, show_id, ticket_id) VALUES ('c3012e97-3095-4ec8-a53c-79d563aeba7b', 'c37b6a3d-ded1-4f9f-835a-ddf6bcd76f7f', '2328566f-22df-4cbb-b1d2-afd44b7ff17f') ON CONFLICT DO NOTHING;
INSERT INTO public.transaction_attraction (transaction_id, show_id, ticket_id) VALUES ('efeaed5e-7d59-45ca-b3dd-a4a0644555d8', 'c37b6a3d-ded1-4f9f-835a-ddf6bcd76f7f', '96b37d99-eedf-4abe-8f36-7a4ecde16087') ON CONFLICT DO NOTHING;
INSERT INTO public.transaction_attraction (transaction_id, show_id, ticket_id) VALUES ('2fd5cd4f-5f33-497a-af35-99f08a00edf6', 'c37b6a3d-ded1-4f9f-835a-ddf6bcd76f7f', 'd75eabea-0c1c-44f5-a235-65347de4a5e9') ON CONFLICT DO NOTHING;
INSERT INTO public.transaction_attraction (transaction_id, show_id, ticket_id) VALUES ('78d1f070-8610-4e3b-b61f-ef04da5a060a', 'c37b6a3d-ded1-4f9f-835a-ddf6bcd76f7f', '2328566f-22df-4cbb-b1d2-afd44b7ff17f') ON CONFLICT DO NOTHING;
INSERT INTO public.transaction_attraction (transaction_id, show_id, ticket_id) VALUES ('d2262a67-3c00-43e6-a9b1-f0bc39445f4d', 'c37b6a3d-ded1-4f9f-835a-ddf6bcd76f7f', '96b37d99-eedf-4abe-8f36-7a4ecde16087') ON CONFLICT DO NOTHING;
INSERT INTO public.transaction_attraction (transaction_id, show_id, ticket_id) VALUES ('00b35851-7d51-46f0-9cee-897bbf6e2f62', 'c37b6a3d-ded1-4f9f-835a-ddf6bcd76f7f', 'd75eabea-0c1c-44f5-a235-65347de4a5e9') ON CONFLICT DO NOTHING;
INSERT INTO public.transaction_attraction (transaction_id, show_id, ticket_id) VALUES ('c6d554a3-527e-433d-8e18-6271ae936419', 'c37b6a3d-ded1-4f9f-835a-ddf6bcd76f7f', '2328566f-22df-4cbb-b1d2-afd44b7ff17f') ON CONFLICT DO NOTHING;
INSERT INTO public.transaction_attraction (transaction_id, show_id, ticket_id) VALUES ('570baf54-561e-41c4-9ab8-f7af9a94e362', 'c37b6a3d-ded1-4f9f-835a-ddf6bcd76f7f', '96b37d99-eedf-4abe-8f36-7a4ecde16087') ON CONFLICT DO NOTHING;
INSERT INTO public.transaction_attraction (transaction_id, show_id, ticket_id) VALUES ('ac554952-8709-4e51-95f3-67b2edefbc48', 'c37b6a3d-ded1-4f9f-835a-ddf6bcd76f7f', 'd75eabea-0c1c-44f5-a235-65347de4a5e9') ON CONFLICT DO NOTHING;
INSERT INTO public.transaction_attraction (transaction_id, show_id, ticket_id) VALUES ('7a103ae8-9da4-489b-83a1-b48fad0a4f54', 'c37b6a3d-ded1-4f9f-835a-ddf6bcd76f7f', 'd75eabea-0c1c-44f5-a235-65347de4a5e9') ON CONFLICT DO NOTHING;
INSERT INTO public.transaction_attraction (transaction_id, show_id, ticket_id) VALUES ('6ce0d150-eb6e-408b-a337-e0c6f6ca4bd1', '70a35cdc-4d01-480e-a8cd-1ec215fee9da', '23b63bc8-59db-49b2-a522-4e68ef5e3a9c') ON CONFLICT DO NOTHING;
INSERT INTO public.transaction_attraction (transaction_id, show_id, ticket_id) VALUES ('96fe9d7f-2992-4c37-abc2-b2046af3d3a2', '70a35cdc-4d01-480e-a8cd-1ec215fee9da', '1546cd97-3b17-4d85-b284-57a718a37f3f') ON CONFLICT DO NOTHING;
INSERT INTO public.transaction_attraction (transaction_id, show_id, ticket_id) VALUES ('457300bd-b381-4a67-bb23-e1cb03c59ecb', '70a35cdc-4d01-480e-a8cd-1ec215fee9da', '7650438c-0bec-44ae-8bba-44186848c6f8') ON CONFLICT DO NOTHING;
INSERT INTO public.transaction_attraction (transaction_id, show_id, ticket_id) VALUES ('fafaad9e-983c-4728-bad7-f4e69abcd454', '70a35cdc-4d01-480e-a8cd-1ec215fee9da', '23b63bc8-59db-49b2-a522-4e68ef5e3a9c') ON CONFLICT DO NOTHING;
INSERT INTO public.transaction_attraction (transaction_id, show_id, ticket_id) VALUES ('cf112a20-7905-46ca-b6af-65906f449b96', '70a35cdc-4d01-480e-a8cd-1ec215fee9da', '1546cd97-3b17-4d85-b284-57a718a37f3f') ON CONFLICT DO NOTHING;
INSERT INTO public.transaction_attraction (transaction_id, show_id, ticket_id) VALUES ('1ea7bf50-30ca-47e0-a9f0-4dd7537b3050', '70a35cdc-4d01-480e-a8cd-1ec215fee9da', '7650438c-0bec-44ae-8bba-44186848c6f8') ON CONFLICT DO NOTHING;
INSERT INTO public.transaction_attraction (transaction_id, show_id, ticket_id) VALUES ('2a8fb96f-c517-48eb-82bf-d7efea053df5', '70a35cdc-4d01-480e-a8cd-1ec215fee9da', '23b63bc8-59db-49b2-a522-4e68ef5e3a9c') ON CONFLICT DO NOTHING;
INSERT INTO public.transaction_attraction (transaction_id, show_id, ticket_id) VALUES ('fb7c2065-0ecf-4397-82db-d07d8233195a', '70a35cdc-4d01-480e-a8cd-1ec215fee9da', '1546cd97-3b17-4d85-b284-57a718a37f3f') ON CONFLICT DO NOTHING;
INSERT INTO public.transaction_attraction (transaction_id, show_id, ticket_id) VALUES ('7bba2aa4-5903-48e2-9b56-912859982d76', '70a35cdc-4d01-480e-a8cd-1ec215fee9da', '7650438c-0bec-44ae-8bba-44186848c6f8') ON CONFLICT DO NOTHING;
INSERT INTO public.transaction_attraction (transaction_id, show_id, ticket_id) VALUES ('411d1a9b-21e3-4c04-84c4-f4963cc34fd2', '70a35cdc-4d01-480e-a8cd-1ec215fee9da', '7650438c-0bec-44ae-8bba-44186848c6f8') ON CONFLICT DO NOTHING;
INSERT INTO public.transaction_attraction (transaction_id, show_id, ticket_id) VALUES ('985b2bde-0377-4392-a170-08c04be04e17', 'b68c8b70-de2f-44c2-994c-3f07d7694fe7', '5d0f75ed-dd84-440a-9df7-86ef52970f71') ON CONFLICT DO NOTHING;
INSERT INTO public.transaction_attraction (transaction_id, show_id, ticket_id) VALUES ('104f344d-66c2-47ea-9715-3195107df265', 'b68c8b70-de2f-44c2-994c-3f07d7694fe7', 'a3c1dc1a-194d-4133-bde7-ec4daa80b71c') ON CONFLICT DO NOTHING;
INSERT INTO public.transaction_attraction (transaction_id, show_id, ticket_id) VALUES ('37307e16-0d2a-418d-ada3-c34a3d7fb6b2', 'b68c8b70-de2f-44c2-994c-3f07d7694fe7', '74f7fbab-368a-437d-9eb6-b2cb0577904a') ON CONFLICT DO NOTHING;
INSERT INTO public.transaction_attraction (transaction_id, show_id, ticket_id) VALUES ('7e7e7525-5a10-4fcd-8b65-6d5dfec7997a', 'b68c8b70-de2f-44c2-994c-3f07d7694fe7', '5d0f75ed-dd84-440a-9df7-86ef52970f71') ON CONFLICT DO NOTHING;
INSERT INTO public.transaction_attraction (transaction_id, show_id, ticket_id) VALUES ('32a7dbf0-c36e-4bfe-8a16-d8f1fbc5ec10', 'b68c8b70-de2f-44c2-994c-3f07d7694fe7', 'a3c1dc1a-194d-4133-bde7-ec4daa80b71c') ON CONFLICT DO NOTHING;
INSERT INTO public.transaction_attraction (transaction_id, show_id, ticket_id) VALUES ('a142fe5c-e11a-462a-9388-3f689233e234', 'b68c8b70-de2f-44c2-994c-3f07d7694fe7', '74f7fbab-368a-437d-9eb6-b2cb0577904a') ON CONFLICT DO NOTHING;
INSERT INTO public.transaction_attraction (transaction_id, show_id, ticket_id) VALUES ('425bf0bc-cd73-47de-ae3d-44c9e2dd3183', 'b68c8b70-de2f-44c2-994c-3f07d7694fe7', '5d0f75ed-dd84-440a-9df7-86ef52970f71') ON CONFLICT DO NOTHING;
INSERT INTO public.transaction_attraction (transaction_id, show_id, ticket_id) VALUES ('99bce2b9-6f84-4d7c-99fc-beabd3e74eb7', 'b68c8b70-de2f-44c2-994c-3f07d7694fe7', 'a3c1dc1a-194d-4133-bde7-ec4daa80b71c') ON CONFLICT DO NOTHING;
INSERT INTO public.transaction_attraction (transaction_id, show_id, ticket_id) VALUES ('830ea83c-b5f2-4034-ac4a-3cc62fede5fd', 'b68c8b70-de2f-44c2-994c-3f07d7694fe7', '74f7fbab-368a-437d-9eb6-b2cb0577904a') ON CONFLICT DO NOTHING;
INSERT INTO public.transaction_attraction (transaction_id, show_id, ticket_id) VALUES ('7d006fbf-ab3e-49fe-98e9-e8d0576e3ba1', 'b68c8b70-de2f-44c2-994c-3f07d7694fe7', '74f7fbab-368a-437d-9eb6-b2cb0577904a') ON CONFLICT DO NOTHING;
INSERT INTO public.transaction_attraction (transaction_id, show_id, ticket_id) VALUES ('436e0e12-41c0-4db2-8777-f6f5dece4e13', 'a75fa3ff-1896-4ff0-8f7e-80b10f45fd6e', 'ce233904-09b8-4f79-8ecc-81e28d9ac593') ON CONFLICT DO NOTHING;
INSERT INTO public.transaction_attraction (transaction_id, show_id, ticket_id) VALUES ('7743ee63-1ac3-4b5e-a621-be7c6a29f96c', 'a75fa3ff-1896-4ff0-8f7e-80b10f45fd6e', '6463e8c8-5c8a-458b-80f5-59ce99cd8ced') ON CONFLICT DO NOTHING;
INSERT INTO public.transaction_attraction (transaction_id, show_id, ticket_id) VALUES ('79742395-9628-4bbb-8ef1-53690803a9bd', 'a75fa3ff-1896-4ff0-8f7e-80b10f45fd6e', 'db322bf7-387e-498a-bdd0-e1c0767268d9') ON CONFLICT DO NOTHING;
INSERT INTO public.transaction_attraction (transaction_id, show_id, ticket_id) VALUES ('07830766-6a6d-460b-808e-93f7a6df81fc', 'a75fa3ff-1896-4ff0-8f7e-80b10f45fd6e', 'ce233904-09b8-4f79-8ecc-81e28d9ac593') ON CONFLICT DO NOTHING;
INSERT INTO public.transaction_attraction (transaction_id, show_id, ticket_id) VALUES ('c12f8ec1-2be8-4b5a-8d37-14e1e773494f', 'a75fa3ff-1896-4ff0-8f7e-80b10f45fd6e', '6463e8c8-5c8a-458b-80f5-59ce99cd8ced') ON CONFLICT DO NOTHING;
INSERT INTO public.transaction_attraction (transaction_id, show_id, ticket_id) VALUES ('a7413d91-3c23-44a4-8f2d-e9901cc3460b', 'a75fa3ff-1896-4ff0-8f7e-80b10f45fd6e', 'db322bf7-387e-498a-bdd0-e1c0767268d9') ON CONFLICT DO NOTHING;
INSERT INTO public.transaction_attraction (transaction_id, show_id, ticket_id) VALUES ('63cd88b3-0786-4eb6-b56a-d8a932b3e574', 'a75fa3ff-1896-4ff0-8f7e-80b10f45fd6e', 'ce233904-09b8-4f79-8ecc-81e28d9ac593') ON CONFLICT DO NOTHING;
INSERT INTO public.transaction_attraction (transaction_id, show_id, ticket_id) VALUES ('3514fdc7-3639-4bb9-88d9-48fc55171829', 'a75fa3ff-1896-4ff0-8f7e-80b10f45fd6e', '6463e8c8-5c8a-458b-80f5-59ce99cd8ced') ON CONFLICT DO NOTHING;
INSERT INTO public.transaction_attraction (transaction_id, show_id, ticket_id) VALUES ('d8bb0ada-f367-472d-b9b6-bd46bcf44218', 'a75fa3ff-1896-4ff0-8f7e-80b10f45fd6e', 'db322bf7-387e-498a-bdd0-e1c0767268d9') ON CONFLICT DO NOTHING;
INSERT INTO public.transaction_attraction (transaction_id, show_id, ticket_id) VALUES ('eade3cd5-0dc8-4da2-9c2f-01742c3d2e46', 'a75fa3ff-1896-4ff0-8f7e-80b10f45fd6e', 'db322bf7-387e-498a-bdd0-e1c0767268d9') ON CONFLICT DO NOTHING;
INSERT INTO public.transaction_attraction (transaction_id, show_id, ticket_id) VALUES ('30e221f1-bb83-4be0-baf2-11635d66898e', 'fa651eeb-9ade-4355-9f17-f82e6fd1e993', '96647861-b233-49e1-8973-02b9961b6514') ON CONFLICT DO NOTHING;
INSERT INTO public.transaction_attraction (transaction_id, show_id, ticket_id) VALUES ('1ddf6ba0-25d3-446a-bad0-544a45a4d935', 'fa651eeb-9ade-4355-9f17-f82e6fd1e993', 'e4225827-5f43-4969-a71e-f92a4721ac27') ON CONFLICT DO NOTHING;
INSERT INTO public.transaction_attraction (transaction_id, show_id, ticket_id) VALUES ('9bea8324-6981-47be-8519-6a0a3ac78298', 'fa651eeb-9ade-4355-9f17-f82e6fd1e993', '6e3f5c9d-dcac-415b-8ca6-bb51c532a6b4') ON CONFLICT DO NOTHING;
INSERT INTO public.transaction_attraction (transaction_id, show_id, ticket_id) VALUES ('1f83e155-5724-4cd7-a5f3-d281c0dc63bc', 'fa651eeb-9ade-4355-9f17-f82e6fd1e993', '96647861-b233-49e1-8973-02b9961b6514') ON CONFLICT DO NOTHING;
INSERT INTO public.transaction_attraction (transaction_id, show_id, ticket_id) VALUES ('464a8324-a91f-4dec-b8c3-e1659dd68306', 'fa651eeb-9ade-4355-9f17-f82e6fd1e993', 'e4225827-5f43-4969-a71e-f92a4721ac27') ON CONFLICT DO NOTHING;
INSERT INTO public.transaction_attraction (transaction_id, show_id, ticket_id) VALUES ('88eba233-fc3f-49d5-a977-25d3485795c5', 'fa651eeb-9ade-4355-9f17-f82e6fd1e993', '6e3f5c9d-dcac-415b-8ca6-bb51c532a6b4') ON CONFLICT DO NOTHING;
INSERT INTO public.transaction_attraction (transaction_id, show_id, ticket_id) VALUES ('0406de85-d4d9-4e64-aaba-9c977b768ae1', 'fa651eeb-9ade-4355-9f17-f82e6fd1e993', '96647861-b233-49e1-8973-02b9961b6514') ON CONFLICT DO NOTHING;
INSERT INTO public.transaction_attraction (transaction_id, show_id, ticket_id) VALUES ('cbee0220-74dc-45b8-8aa6-8478a6daac55', 'fa651eeb-9ade-4355-9f17-f82e6fd1e993', 'e4225827-5f43-4969-a71e-f92a4721ac27') ON CONFLICT DO NOTHING;
INSERT INTO public.transaction_attraction (transaction_id, show_id, ticket_id) VALUES ('a804e18f-50f2-4613-bbcb-4f811af69b5a', 'fa651eeb-9ade-4355-9f17-f82e6fd1e993', '6e3f5c9d-dcac-415b-8ca6-bb51c532a6b4') ON CONFLICT DO NOTHING;
INSERT INTO public.transaction_attraction (transaction_id, show_id, ticket_id) VALUES ('01f6cac3-dbfb-481e-94db-9127bb428294', 'fa651eeb-9ade-4355-9f17-f82e6fd1e993', '6e3f5c9d-dcac-415b-8ca6-bb51c532a6b4') ON CONFLICT DO NOTHING;

INSERT INTO public.transaction_concession (transaction_id, concession_id, product_id) VALUES ('32b0f416-783e-4f61-8e2a-1d30f8c77683', '0848e4a2-d75c-4bb8-a060-33e9e735b82f', 'd4f87e77-c25e-4d84-b5f0-72aab1502940') ON CONFLICT DO NOTHING;
INSERT INTO public.transaction_concession (transaction_id, concession_id, product_id) VALUES ('5981e1be-ef59-4139-acf4-724ce30871ce', '2c44551e-3515-4cb9-9fbb-0f6dbc73f289', 'a836720a-407b-4871-81dd-3db806503707') ON CONFLICT DO NOTHING;

INSERT INTO public.veterinarian (employee_id, license_number, degree, species_id) VALUES ('03a465f4-5573-46fc-a946-06afacac107b', 'VET12345', 'DVM', '0c8bb3cd-b9a1-44d8-b5f5-e3f0aef3fcd0') ON CONFLICT DO NOTHING;
INSERT INTO public.veterinarian (employee_id, license_number, degree, species_id) VALUES ('ca2c54bc-7315-4218-8e08-fcd12f3ff837', 'VET56789', 'BVSc', '158fd663-9b17-4351-b4fe-d8751714db6a') ON CONFLICT DO NOTHING;
INSERT INTO public.veterinarian (employee_id, license_number, degree, species_id) VALUES ('ec6b6de3-f498-4cb1-9d94-21f86a6b54f6', 'VET23456', 'VMD', '1f5c826d-aeec-4c34-a79d-622854fd6d8e') ON CONFLICT DO NOTHING;
INSERT INTO public.veterinarian (employee_id, license_number, degree, species_id) VALUES ('99354fc5-2173-46d5-a76d-9c2986c35d73', 'VET34567', 'DVM', '0c8bb3cd-b9a1-44d8-b5f5-e3f0aef3fcd0') ON CONFLICT DO NOTHING;
INSERT INTO public.veterinarian (employee_id, license_number, degree, species_id) VALUES ('0610027f-1396-4cb2-bb8e-5d4cf18e7d7e', 'VET45678', 'BVMS', '1e44ece3-68ab-47cd-a3fb-0c98b40d3c53') ON CONFLICT DO NOTHING;
INSERT INTO public.veterinarian (employee_id, license_number, degree, species_id) VALUES ('9d4287f4-8911-4189-9201-69aaec17ae34', 'VET27239', 'sen', '158fd663-9b17-4351-b4fe-d8751714db6a') ON CONFLICT DO NOTHING;
INSERT INTO public.veterinarian (employee_id, license_number, degree, species_id) VALUES ('e91af28c-f6e6-4846-8272-217151a6e075', 'VET27432', 'sen', '1f5c826d-aeec-4c34-a79d-622854fd6d8e') ON CONFLICT DO NOTHING;
INSERT INTO public.veterinarian (employee_id, license_number, degree, species_id) VALUES ('bebd5362-cfce-4e7a-a062-12802943a7c2', 'VET99999', 'sen', 'f7f61ff4-abfc-4f33-887e-b7890309f083') ON CONFLICT DO NOTHING;
INSERT INTO public.veterinarian (employee_id, license_number, degree, species_id) VALUES ('3d3f29b9-6a22-48eb-954b-34226769c915', 'VET28716', 'sen', '5c63ef8c-5d34-43d7-b4cb-aa5c9f1f174e') ON CONFLICT DO NOTHING;
INSERT INTO public.veterinarian (employee_id, license_number, degree, species_id) VALUES ('a3007e5f-b17d-44a9-a32f-43acf0dad714', 'VET87659', 'sen', '095b976e-054f-436a-8696-53caf075aba0') ON CONFLICT DO NOTHING;
INSERT INTO public.veterinarian (employee_id, license_number, degree, species_id) VALUES ('10618d38-486d-4a2a-8813-a6d178ee8142', 'VET44444', 'sen', '41d3a020-e970-439d-86fa-2af07f249961') ON CONFLICT DO NOTHING;
INSERT INTO public.veterinarian (employee_id, license_number, degree, species_id) VALUES ('d8c01f9a-cd07-4d99-be27-8ea140eb5dbd', 'VET28888', 'sen', '40b8ec9c-1a5f-45e8-9c59-4208f057876b') ON CONFLICT DO NOTHING;
INSERT INTO public.veterinarian (employee_id, license_number, degree, species_id) VALUES ('915f5fdc-94ea-4ba1-a6c1-1eb59961f927', 'VET26666', 'sen', '4c2daddd-afc0-4984-a13a-91903830b19a') ON CONFLICT DO NOTHING;
INSERT INTO public.veterinarian (employee_id, license_number, degree, species_id) VALUES ('66d6371b-b934-4407-9fb1-0f5efb01c2cc', 'VET27555', 'sen', '1e44ece3-68ab-47cd-a3fb-0c98b40d3c53') ON CONFLICT DO NOTHING;
INSERT INTO public.veterinarian (employee_id, license_number, degree, species_id) VALUES ('0fa85924-7c24-4b61-a236-7cbd934122d7', 'VET20004', 'sen', '7444bd4e-a535-4595-857a-0064fdfa14fe') ON CONFLICT DO NOTHING;
INSERT INTO public.veterinarian (employee_id, license_number, degree, species_id) VALUES ('0fb74ff2-6213-418e-968c-0f4c5f7123c5', 'VET27211', 'sen', '7ac5acca-ad6c-4301-aa0c-f40eaa0e6f7b') ON CONFLICT DO NOTHING;
INSERT INTO public.veterinarian (employee_id, license_number, degree, species_id) VALUES ('35cad718-cdf9-4504-9148-8d9cbbcafd7a', 'VET27209', 'sen', '0c8bb3cd-b9a1-44d8-b5f5-e3f0aef3fcd0') ON CONFLICT DO NOTHING;
INSERT INTO public.veterinarian (employee_id, license_number, degree, species_id) VALUES ('d2a65be9-d8be-4fc4-b12d-0cc984d7e874', 'VET27111', 'sen', '158fd663-9b17-4351-b4fe-d8751714db6a') ON CONFLICT DO NOTHING;
INSERT INTO public.veterinarian (employee_id, license_number, degree, species_id) VALUES ('0694403b-14d0-483f-ad11-73f11b42ea90', '', '', '40b8ec9c-1a5f-45e8-9c59-4208f057876b') ON CONFLICT DO NOTHING;
INSERT INTO public.veterinarian (employee_id, license_number, degree, species_id) VALUES ('5b1a95cb-2681-4b30-b755-3faef3d75d62', 'VET27222', 'sen', '158fd663-9b17-4351-b4fe-d8751714db6a') ON CONFLICT DO NOTHING;
INSERT INTO public.veterinarian (employee_id, license_number, degree, species_id) VALUES ('dfc922db-ddbe-47e2-83a3-c43fd9fead75', 'VET27265', 'sen', '4dace4c4-e764-438c-993d-5a6581282e47') ON CONFLICT DO NOTHING;
INSERT INTO public.veterinarian (employee_id, license_number, degree, species_id) VALUES ('bf5ee73d-5449-4274-9fdf-9c1e314e0277', 'VET27116', 'sen', 'c7525881-ebea-4c3c-84b7-a7b463f3b044') ON CONFLICT DO NOTHING;
INSERT INTO public.veterinarian (employee_id, license_number, degree, species_id) VALUES ('e36be45f-a8e5-49bd-ae53-1efe5adc7c5a', 'VET27212', 'sen', 'c9413e4c-97b6-4bcf-838e-3ff1f8888989') ON CONFLICT DO NOTHING;

INSERT INTO public.reptile (species_id, scale_type, temperature_range, venomous) VALUES ('1f5c826d-aeec-4c34-a79d-622854fd6d8e', 'Scales', 'Hot', true) ON CONFLICT DO NOTHING;
INSERT INTO public.reptile (species_id, scale_type, temperature_range, venomous) VALUES ('81b2f5f6-ab96-4c0e-8646-87ac38e919a7', 'Scales', 'Moderate', false) ON CONFLICT DO NOTHING;
INSERT INTO public.reptile (species_id, scale_type, temperature_range, venomous) VALUES ('095b976e-054f-436a-8696-53caf075aba0', 'Scales', 'Hot', false) ON CONFLICT DO NOTHING;
INSERT INTO public.reptile (species_id, scale_type, temperature_range, venomous) VALUES ('7444bd4e-a535-4595-857a-0064fdfa14fe', 'Scales', 'Moderate', true) ON CONFLICT DO NOTHING;

INSERT INTO public.animal_care_trainer_and_specialist (employee_id, experience, species_id) VALUES ('e6c5010f-f6f7-4a70-b566-a7dcbe8ac919', 'Veterinarian specializing in large mammals, 15 years', '0c8bb3cd-b9a1-44d8-b5f5-e3f0aef3fcd0') ON CONFLICT DO NOTHING;
INSERT INTO public.animal_care_trainer_and_specialist (employee_id, experience, species_id) VALUES ('27a0704c-ef02-4b46-990b-ca7d45d2d002', '5 years experience with birds of prey', '1e44ece3-68ab-47cd-a3fb-0c98b40d3c53') ON CONFLICT DO NOTHING;
INSERT INTO public.animal_care_trainer_and_specialist (employee_id, experience, species_id) VALUES ('cafb41fb-07cd-475b-8e28-90d7ff13ea7c', 'Expert in reptile and amphibian care, 8 years', '1f5c826d-aeec-4c34-a79d-622854fd6d8e') ON CONFLICT DO NOTHING;
INSERT INTO public.animal_care_trainer_and_specialist (employee_id, experience, species_id) VALUES ('b7d62692-2ced-459d-aa4d-3c75783055bf', '10 years in marine mammal training', '0c8bb3cd-b9a1-44d8-b5f5-e3f0aef3fcd0') ON CONFLICT DO NOTHING;
INSERT INTO public.animal_care_trainer_and_specialist (employee_id, experience, species_id) VALUES ('a47afbb1-74a6-43de-8046-c34d9abae614', 'Exotic Aquatic care specialist, 7 years', '158fd663-9b17-4351-b4fe-d8751714db6a') ON CONFLICT DO NOTHING;
INSERT INTO public.animal_care_trainer_and_specialist (employee_id, experience, species_id) VALUES ('3c552b3d-bb6c-4f88-9564-d32e7d92ecb3', '0', '0c8bb3cd-b9a1-44d8-b5f5-e3f0aef3fcd0') ON CONFLICT DO NOTHING;
INSERT INTO public.animal_care_trainer_and_specialist (employee_id, experience, species_id) VALUES ('a70a9aaf-cf62-4cde-a031-28756741959a', '1', '0c8bb3cd-b9a1-44d8-b5f5-e3f0aef3fcd0') ON CONFLICT DO NOTHING;
INSERT INTO public.animal_care_trainer_and_specialist (employee_id, experience, species_id) VALUES ('29123ab2-9821-4db2-b0be-0b2f6e0c4925', '12', 'c7525881-ebea-4c3c-84b7-a7b463f3b044') ON CONFLICT DO NOTHING;
INSERT INTO public.animal_care_trainer_and_specialist (employee_id, experience, species_id) VALUES ('991e7b92-b33c-4637-bcfd-ff547d2f53c3', '12', 'e70fbad1-a543-44cc-8275-3fafd1ff6283') ON CONFLICT DO NOTHING;
INSERT INTO public.animal_care_trainer_and_specialist (employee_id, experience, species_id) VALUES ('69f28ef3-ceef-4e7e-9775-ae2d975295dc', '56', 'c9413e4c-97b6-4bcf-838e-3ff1f8888989') ON CONFLICT DO NOTHING;
INSERT INTO public.animal_care_trainer_and_specialist (employee_id, experience, species_id) VALUES ('9c04c9dd-07b0-42dd-8f02-3d35b9714646', '12', '7444bd4e-a535-4595-857a-0064fdfa14fe') ON CONFLICT DO NOTHING;
INSERT INTO public.animal_care_trainer_and_specialist (employee_id, experience, species_id) VALUES ('720b2a03-e170-4cbe-92ae-503fcbc7bb57', '12', '7ac5acca-ad6c-4301-aa0c-f40eaa0e6f7b') ON CONFLICT DO NOTHING;
INSERT INTO public.animal_care_trainer_and_specialist (employee_id, experience, species_id) VALUES ('c87f671a-af8c-4052-93f2-a06d7173bdcc', '12', '4c2daddd-afc0-4984-a13a-91903830b19a') ON CONFLICT DO NOTHING;
INSERT INTO public.animal_care_trainer_and_specialist (employee_id, experience, species_id) VALUES ('760f06f0-c615-48ea-8744-8ee598d67697', '12', '81b2f5f6-ab96-4c0e-8646-87ac38e919a7') ON CONFLICT DO NOTHING;
INSERT INTO public.animal_care_trainer_and_specialist (employee_id, experience, species_id) VALUES ('271d2817-997b-4ff1-97df-f026fa024f92', '12', '4dace4c4-e764-438c-993d-5a6581282e47') ON CONFLICT DO NOTHING;
INSERT INTO public.animal_care_trainer_and_specialist (employee_id, experience, species_id) VALUES ('f3f62fb8-9f15-4ff1-afb9-29f05cf86627', '11', 'f7f61ff4-abfc-4f33-887e-b7890309f083') ON CONFLICT DO NOTHING;
INSERT INTO public.animal_care_trainer_and_specialist (employee_id, experience, species_id) VALUES ('6a96e5ef-d33a-4ce7-b510-a5f799c90c97', '12', '5c63ef8c-5d34-43d7-b4cb-aa5c9f1f174e') ON CONFLICT DO NOTHING;
INSERT INTO public.animal_care_trainer_and_specialist (employee_id, experience, species_id) VALUES ('6130189b-7c1e-4eb0-a698-15fbf9991100', '11', '095b976e-054f-436a-8696-53caf075aba0') ON CONFLICT DO NOTHING;
INSERT INTO public.animal_care_trainer_and_specialist (employee_id, experience, species_id) VALUES ('bcdd034c-9ab8-4594-95e4-2789cd1a1603', '11', '41d3a020-e970-439d-86fa-2af07f249961') ON CONFLICT DO NOTHING;
INSERT INTO public.animal_care_trainer_and_specialist (employee_id, experience, species_id) VALUES ('6ee5f51c-a52d-4d47-86e8-2d5c7dddbde0', '11', '40b8ec9c-1a5f-45e8-9c59-4208f057876b') ON CONFLICT DO NOTHING;

